email,gender,uid,birthdate,height,weight
N7uJg8j@techie.com,F,27CB4D104ECD1B8D,1987-04-25,153,12
kGtTTINaJpEREF@post.com,F,C2DE0C7AE22FB8D4,1996-11-18,162,68
51KJVvNgIJL@musician.org,F,F62787B0B42BDD85,1967-02-13,168,76
3oZjbCAWkkYCCU@linuxmail.org,M,146D657ECFB4F14C,1970-08-23,177,102
1piMWiJ@post.com,M,8785B34799E8DEDC,1961-02-27,165,62
gfVDHcag6qLBVAau@writeme.com,M,EE36C92EF950B967,1984-12-19,196,146
fbe4CYS5B51soeEN@asia.com,M,6275315920B40FF2,1977-10-24,194,74
h2DYTsworPcOGU@consultant.com,F,DDC3CBF5BD3B56A9,1964-05-29,174,98
Ijv7VQQOO@workmail.com,F,9BBD3B4C8A7FF496,1980-03-07,169,79
zVhshYGoRK@usa.com,M,ED7E6344B364BB45,1965-01-23,172,59
xNoZU5UoaxMKnfbb@accountant.com,M,D91703E12D966400,1987-09-18,163,71
wKl1HoR0sezX@writeme.com,F,5BA2B68EF209B8CB,1965-12-12,175,81
CcrBD2xzL@musician.org,F,4E9F6B63D1E947F2,1989-08-04,201,61
AT9Galr@linuxmail.org,M,B5357363EC961E0C,1963-03-15,189,105
UDsGQyXwtByy@asia.com,F,1B404A610F9F30F2,1991-03-28,175,92
JEERyTXNr0rs8wN@financier.com,M,1C391A8C1BECA5D4,1993-11-18,148,56
AA1mU29M@accountant.com,F,7484F74DC5B8455C,1982-02-02,167,98
Et7fmVPhz@consultant.com,M,56DE16127CB22BDB,1977-08-07,184,106
tW8edUj@iname.com,F,D1236D608DBC1EDB,1996-06-26,170,71
1aXRavymnM@workmail.com,M,DCA4DC33ECCCA354,1995-05-20,191,86
LVVDj4v@mail.com,M,2A32C05556396959,1988-08-09,149,60
dasCTgOiprlq4Rw@contractor.net,F,232052FBD9D45821,1966-04-24,185,76
fdWtk1MuTDj@workmail.com,F,78E8C7E9B190A2E2,1993-10-31,169,58
G9MGMF7wQ2fQ4V@dr.com,F,D4D8CB0AA9679E1C,1998-05-07,179,105
kCGKViJgFtgr7uO1@iname.com,M,F1528519834A3CB9,1967-06-02,162,66
wJnCkubyt0zmn@iname.com,F,D53C2593D00105E8,1974-09-14,184,85
ecOSbT0OW9HW5@mail.com,M,6A95A0C029FC6D8B,1983-03-07,172,74
NDGcUwS4BG@cheerful.com,M,3C3F070F70420408,1986-07-18,189,131
LEBUt04mQDT0w5@mail.com,M,81F0177430B6D151,1970-08-05,151,59
AMTVHepyRCGkPT3s@mail.com,M,983C287CBCFE857B,1973-08-08,194,125
Nx2PhFDBP@musician.org,F,AFEF262A33E97651,1960-05-15,158,43
dXuaqzJds53s1kV1@workmail.com,F,97AEE119F47D34C9,1987-11-12,154,46
nF3S9D5cSZUu@myself.com,M,991C1FE603C1B437,1990-03-29,165,86
WpHoQIjDtp5K4Bd@europe.com,M,1614E954A34DCD5E,1993-06-25,196,80
CBoDuLoqzdxp9@mail.com,M,44AF2765442BF837,1961-06-25,163,52
t5xKoVjMJ@accountant.com,F,A5ED00ED5590652D,1965-06-01,175,8
sbZrUxRyYJ6@post.com,M,2A14BCBBE4BF70E3,1974-10-03,188,29
HJlG14e6HB@musician.org,M,C32248ACAF1C0B84,1986-07-26,203,121
ZXXKohm@writeme.com,M,1DEA3FB58B03DE48,1984-05-15,173,100
6s3c2Hwu69vhKrP5@dr.com,F,72247E98F8D26722,1986-06-08,172,53
NUz9nannWOmVzDtN@dr.com,M,24857D5F5956DADF,1963-01-13,177,63
WWlklRJn4Oa@techie.com,M,43D8BE1D0D8A360C,1979-09-25,175,68
S3r1t0FSdN@accountant.com,M,AC1EACF5CA0C8301,1979-02-09,162,70
soYRQw4rDh@myself.com,M,2E9196D8A36823A7,1981-06-21,180,84
asFMGqQkBHZeeJ5q@financier.com,M,B1F713E94F6B005A,1975-03-13,155,41
pKX32lkJmN@musician.org,M,E604B1C7E9DFFA90,1960-09-21,178,110
boOUTgOH@linuxmail.org,M,AD0C00FE80518B82,1997-05-18,168,66
TmPDe0i@europe.com,F,04200C1762B68E13,1990-05-26,183,53
I7d7Zhq1Y2@post.com,M,9BB089617107D81E,1968-06-30,190,24
Qk4xo9knW@post.com,F,642BBB63317C8E96,1964-01-31,176,72
YeMopYQA8l@engineer.com,F,808F40B71419DDD3,1974-07-22,176,107
WLEWiYacTNimB3Z@cheerful.com,F,D4165B1A85C2BA7E,1990-12-29,161,64
JXHpEXGcTGi51@consultant.com,F,428196620DC1FC25,1963-03-08,171,74
DHwW43ptoqPobq@mail.com,F,7552889C8CE25052,1979-09-09,156,60
wNBoC7sbIwZLA@linuxmail.org,M,CD02C42849F47BA3,1975-03-10,164,68
cto5snq5fFYE@writeme.com,F,78946E7B0C333C6B,1999-08-26,178,69
bR5MzaQqoHoyJ8@myself.com,F,77F86BFF633BEC77,1971-01-31,165,90
gDQdww2eqCHy@mail.com,F,157A4F64C07E784A,1977-05-25,182,65
r8El33nxsoR9AyK@linuxmail.org,M,B5BCBD28FB875047,1995-08-08,183,66
emVOYJA@writeme.com,F,5DC8F9623535CDA3,1965-11-26,188,60
eZ5py05X@dr.com,M,AF9169EB32EC7C90,1979-01-16,177,83
QucjMZDf7yBO@musician.org,F,A31AAC5866DB6D73,1977-05-24,167,51
3UJAYTnCxa9@myself.com,M,F8C5A9172AA4E70D,1980-11-26,152,50
6pTKdNmTZZ@writeme.com,M,CB48324898A6E137,1996-08-22,165,53
3MEpvBgTwVJ6Y@accountant.com,F,4F556003B6C76377,1983-01-30,214,129
3XjsItVuTQrTe2@writeme.com,M,AB2711906268B337,1989-10-15,198,99
OpWWiEnPgp@dr.com,F,E5C0F60CF0E69A9F,1982-09-27,179,70
eHHgKXs@financier.com,M,E5833944654C5100,1972-01-30,175,86
iHvc0rB@iname.com,F,C46BA2E58A26D80C,1966-11-26,170,69
6JAj8AL@myself.com,F,0A905F8917347C3F,1971-11-17,184,95
EsrVgOp@engineer.com,F,E72E342B630CF8F5,1996-05-13,169,75
6FsUXGjeaEV9ic@iname.com,F,4CD23338FCB57149,1965-04-13,178,83
T92HQMvldiVieIPz@email.com,F,E07B2E61D58023D1,1973-03-03,167,51
MMkai7emnt4YTEt@asia.com,F,B3437A68F084B980,1971-02-26,186,85
uyjQqSMQV2hsAatF@post.com,F,1F7CD2A3F907BB7E,1967-06-22,183,88
MU97z6i@linuxmail.org,M,E1EA9AA457CF2C68,1991-07-27,203,91
hR7YrE4rnKTlCdM@usa.com,M,9550AAE00BB61957,1966-12-18,173,107
o7uWKjzOn8TSDAsn@engineer.com,M,08260DB294A191F9,1988-03-21,204,78
ythwLJoTo8jVbQiF@writeme.com,F,56AD2476B7264F90,1995-07-19,175,99
JDhPHTZjgCQurOBt@musician.org,O,13F05D96C313162D,1965-04-28,168,37
8CTYqC675FWoA9@usa.com,M,C2182A0159622ECB,1995-06-30,161,53
Wx0f6Hi2DmJbV2@dr.com,F,13F6CFCC5C6424D1,1971-09-30,152,66
WMhseuW0JBXIb@accountant.com,F,08DC1FB561E165EB,1997-08-18,149,44
e2EK9nDFkBqnUTs4@iname.com,M,841A3D5C47695A1A,1966-02-02,170,51
n9OcoSMdo@mail.com,M,709A789B4824AE0F,1997-02-18,164,79
LhbilD0HnB@myself.com,M,CFE947676E3093EB,1980-10-09,166,47
C1ojHLwArQSS@email.com,F,5D074BAF2D6DE119,1960-06-22,161,87
9594S2SyOmneQ@financier.com,F,F3B8ED2D5092122F,1990-07-11,156,61
htA4zvCEbeN0@linuxmail.org,M,87400B932148A4C6,1982-12-02,182,81
mBhhn94bRUe@iname.com,F,266785C866FB6654,1969-09-18,168,74
9nENBCukkYbrvMWS@contractor.net,F,71DC279629308E2D,1973-07-11,162,50
lUKPumhGhBqfc@cheerful.com,M,95ECA33B668D378F,1961-01-24,178,98
Bc7osdhjvXBS5gZ@email.com,F,C8F74CA76D07A13E,1999-01-25,190,71
STONkxnUH@europe.com,F,0D323D4A478E5F11,1990-03-27,195,40
kBxvroaCg@asia.com,F,876CB192DA4B5C8C,1976-10-21,170,38
b8OWycUqofW@mail.com,M,520C96F21F296527,1980-05-05,173,105
ALy8QULp@financier.com,M,001A434E986AA66B,1965-01-20,185,57
43B8y9VbtpIUPV@financier.com,F,D1EC3E978FB66B2E,1964-07-28,184,87
T0RcghfBQg7Zntif@accountant.com,M,0FAD5F1F45A2317F,1977-07-29,179,41
Rltc6gTUQemsTA@email.com,M,DB523DC52D5DA3FA,1978-10-02,175,59
FQb1lv1LqwaUopbF@engineer.com,F,251F46F0CE5216C6,1991-10-02,175,52
HCzUKliZ1@techie.com,F,98DEB61391080CC3,1995-10-18,174,65
Dtjz1OdO1GZS0b@asia.com,M,0A4E73F6D332F3A7,1984-01-04,175,106
akqjSsf@post.com,F,BC02289F2EF84353,1986-06-30,176,18
i0T6t5xCqYY986@accountant.com,F,28D70B06DB6B80B9,1960-10-27,149,61
0dpdI2moyiAQ@email.com,F,AAD34EB8BC57BEFB,1987-01-29,168,61
20Yvr6AxD2AGrCFi@asia.com,M,85CAC5D1D491FCB5,1966-10-04,175,87
OX61NEtN@post.com,M,595D91BE2350E6EF,1998-11-28,175,33
2ChUMT4g@email.com,M,AC036636FF4445A0,1963-01-17,185,114
2LdOed8@consultant.com,F,73122D860E745009,1971-03-23,158,65
PgwpcuCxFzWDUZM@engineer.com,M,AE345D48E197EE27,1977-03-08,166,60
xqQBBEIML@musician.org,F,437DE836C1A10718,1978-06-09,196,129
j8oEBqCvRYbsjZkX@post.com,M,8C3AAF4CF76A0E3C,1997-07-15,184,86
lsP5658VjzYmsm7@techie.com,F,CF2616943C552E94,1999-01-07,179,47
AeEcz1YjEr3c@mail.com,F,9F55F7DDB00E7910,1982-07-01,179,141
6minYnTu@accountant.com,M,687118F872239856,1979-09-13,161,53
XqWaYjsCkB9nFJh@cheerful.com,M,5C9C54F88035FA23,1994-12-19,189,80
P3LWJBmj@asia.com,M,8EBD1CECB955381E,1966-06-20,185,81
EaF2iMj0ICNj8@cheerful.com,F,D978329FACA01FF9,1973-08-28,186,72
DUNVDxNTNHA@musician.org,M,7CFB5F1ACA0BFBBA,1986-07-06,172,43
38AvBhxDclOB6lv2@post.com,F,9DAA03B719CD2F41,1976-09-25,167,63
oMbyuMqcrZv@asia.com,M,43C51CBC15650393,1993-06-07,175,69
NFskNIcReh@mail.com,M,48DA2F0411DD89A4,1961-08-12,169,87
5IxEhftOxrwEilX@contractor.net,M,EFB20385D7B31F15,1992-07-07,190,135
jTFTECfaNDQQx8@cheerful.com,M,4123ECA13E026EE2,1998-11-27,190,93
gQsaxj1D@musician.org,F,714D540E711163F3,1996-02-14,173,94
ImIYdGDv9PdFNZw@myself.com,M,AE733CD2B5A1AC8B,1989-09-15,184,98
BsJnN5PXNO@financier.com,F,BFE3E70CC9A92838,1966-08-22,167,86
MvVsoeF3XpIhTEK@dr.com,F,88C14B24F495B767,1998-08-27,184,88
spwJaXV6FlbvQ@europe.com,F,34AA94E80E166F48,1981-11-07,181,105
nUIzOAKzeJppJvtY@usa.com,F,0ADC3456E458E77C,1964-10-25,149,68
kPP52vSW70B6Ux@usa.com,M,76D6BAA368C587A1,1960-10-15,182,96
qr8X3fNFZCE@asia.com,F,13B01CA589B5BEA2,1966-03-20,179,62
25D7H7aSj@engineer.com,M,E53508839BC7920C,1987-09-07,173,41
dAOzErCxP@musician.org,M,93AC3BD301B7F204,1995-02-09,132,41
S9n3aOjd@workmail.com,F,2F7EC12AC609E413,1968-12-06,162,60
AsXs2961hrCz@email.com,M,39C00A65585AAB88,1983-01-21,169,36
ZhvODfN9Fg5kzBTk@cheerful.com,M,065F05404011C790,1985-08-05,182,125
c9iFzxNdituQCJf@cheerful.com,M,4FF3980CCC8FA9C2,1968-12-14,182,65
pPIDlIHMA@email.com,F,355383E2918A1EBF,1991-04-12,142,78
Q1LGDzVdVu@asia.com,F,339F698367E7A1FD,1998-02-20,192,122
dEUuenX2n00o3@financier.com,M,FD7D137A7FA56C35,1998-02-16,149,90
CAVE4VbwCn2N1h6w@writeme.com,F,4DC47E04CA5F70E2,1981-10-12,169,91
i2rH1IzNEHhA2Nra@europe.com,M,9CE4EEE25547267F,1989-09-09,174,77
7JTef7hJelOBiG@linuxmail.org,F,E63AA882DC200452,1999-07-02,177,74
MavxocK0f@contractor.net,F,83FB8784A4EFD46A,1994-03-28,182,82
NEKoJU8@accountant.com,F,BD5DD53CB7E2DD92,1975-08-19,197,96
bMkvNugJcBd@post.com,F,8656C83C10495FCF,1972-02-25,210,119
ekWEIq1@myself.com,F,72E1098AABF17CA9,1996-02-27,183,77
MCotBueb3As@accountant.com,M,D68FA498709BB460,1982-06-08,175,69
b0YCHVC7u@contractor.net,F,3BFF2957D0B61EC4,1979-10-21,166,52
T0qJihrKCvX@asia.com,M,EDB88BEF83D14B08,1983-09-25,187,86
k8PlKjC5rs5p9@writeme.com,F,27AF46C4205BA79C,1976-08-18,189,111
T7r72oCM7tQF4Mu5@linuxmail.org,F,DC571D2B80D958FB,1975-03-31,158,77
ZHPYg1p@techie.com,M,A7EFD1FF2A88D266,1997-12-16,159,89
lCWinbndD7s1bR@musician.org,F,0067EDD6BDF796B9,1969-11-18,164,52
Xsm9R6Qgv86Zjk@engineer.com,F,2DFE7AE219B674FF,1967-09-13,187,127
b5hhNWYWNHv1k@cheerful.com,F,AA1674AEBC747BB3,1993-12-11,159,52
1UsmyK5NbfoJD@linuxmail.org,M,91B66973A7E42114,1985-07-30,169,78
VbfF4kLiOa5P@dr.com,M,92457063234449E2,1975-12-24,165,67
DSAQ72bUe0p@linuxmail.org,M,363A1CC954FA5BEB,1986-08-04,168,65
qhFhTLxve1baLk@musician.org,M,08885253C09BBDFC,1987-02-10,202,106
gVDcWDut060E@post.com,M,7FA728B098D4127E,1991-02-12,188,35
T2ikyJdMXDEZm3iy@dr.com,F,521189A6A369DF25,1998-08-30,155,50
FInzgVLEp@post.com,M,D63EB7D17BE78F16,1962-01-09,193,82
KFyCBeaOyH@linuxmail.org,F,941C45CE23DC8F65,1976-09-30,149,67
VS68YRAO2tO@workmail.com,M,3AE4D1B6682B6231,1961-02-05,176,102
ymTCDxmCBJ@post.com,M,5F785BF1E63BE8DD,1998-06-16,163,51
d4P5RxpQF92q0T@myself.com,M,EF6E85C11981523F,1992-12-27,175,90
xpCKbnLJ@cheerful.com,F,1EAE2FBA6D4890B2,1990-08-18,205,112
j3JCEBT@workmail.com,M,6E640E4F8CD007EB,1965-11-21,189,74
pChZUaTMle9o@usa.com,F,0017DF092169D86B,1990-01-20,147,46
llRXPIL8EoG@europe.com,F,5A92E20D31D8A2CA,1961-10-14,170,76
ylpHiVjnMrvIzkv@email.com,F,87708F3D797BFEF1,1992-01-29,178,109
2huu2GSPnCe0wb@techie.com,M,75F4FD4F39579009,1991-05-16,166,88
5cXWCqagL2QG3dVn@musician.org,M,E695F8757D207548,1974-05-06,191,111
j5CttnvX@workmail.com,F,24A8E5139C0CFD3E,1967-10-11,186,73
N2CYczuN@email.com,M,71EF5D16EF2ACABA,1980-05-31,164,38
nEXYj8ssjZUi@europe.com,F,3DDF4E3F71419F06,1995-01-26,190,107
h9ioNx2@techie.com,O,383858588EF80AB2,1987-05-06,193,91
ZPXqp8ownuJ@workmail.com,M,09B2EF40A9D08AE4,1997-04-27,180,81
jCgr8tZv9iImlt@writeme.com,M,E37AD1FB08A098AC,1990-11-23,176,81
jy9kkNRk9J@workmail.com,F,FE6FD5FDB62139A8,1962-09-04,175,50
k5qMmcW2gIWaZHe@email.com,F,C0459E87CE1B1246,1990-03-21,190,88
kW4RiFcCm4M@mail.com,M,FBB3AA2AADCF803F,1983-11-27,190,47
uF5k9HqXjy@cheerful.com,F,4354ADC000190672,1962-05-10,186,85
UKgSifbU@financier.com,M,7A0A1B3855173E7E,1979-05-14,148,38
oRKTMjFxbGHP@iname.com,F,12A635D8E0F48167,1995-08-07,149,51
Q8C4ES3dWPA@techie.com,M,B935EC1612D21156,1992-07-29,170,76
4nyX4j0uS4D06A@techie.com,M,812FC6C9E10E30C9,1972-06-07,184,69
IqWx9ZU586HSlgD@post.com,F,A998E78D5C5F84AF,1962-07-12,181,39
0QrfscRF@cheerful.com,M,6F5D9B433A3ADB83,1966-10-16,193,77
DVca70vv@contractor.net,F,4AB5E6F68B7BB99A,1975-12-28,181,96
3jaCx87nqB@writeme.com,M,2741D382285E92BF,1963-02-16,163,102
JT0e3ZG2tEk@financier.com,M,FA3C98C7EE3F0361,1969-04-14,151,65
srta3SAU@contractor.net,F,7EF27EAC32AA8EAA,1974-04-27,168,88
KRP8xRE35LiztvZ@accountant.com,M,27C216638ED5632F,1985-05-09,193,96
d3oJ3g00@consultant.com,M,CAD871325BCDE51A,1965-10-25,198,63
gtjVng2L@contractor.net,M,583DEEAECF74ADD1,1966-05-09,162,54
5ulZeXM@mail.com,F,C02B37B74B242EF9,1963-02-13,157,60
OKwnigAb48G@mail.com,M,2D00C14FCABA7F74,1997-08-26,166,76
V04Qey74jv@engineer.com,F,E4B23072F52ADC2D,1963-06-17,141,42
tfnSYMNlJ@musician.org,M,D7F9698B38148AB1,1978-05-04,175,79
pj9QkkjSCkTw@usa.com,M,B6C61C19EA084F2E,1990-11-19,172,121
KQ7VsSFIBCPOXcDi@post.com,F,DC055D1C7A97A06F,1960-07-18,180,80
mrtjlJrXSWz@europe.com,M,C175C5BA17039D23,1965-07-27,152,57
dI2Wgetr4@asia.com,F,A88E98C70BA5F7EA,1988-06-06,186,80
35zdQTfX@mail.com,M,135E338F9049ABA7,1974-10-13,173,51
GtLntqRzur7lXTWK@cheerful.com,M,EA0B234B15D7224C,1986-08-18,161,30
nDeXpO5P6ktivh@europe.com,M,E420D3BEEFF33239,1965-11-09,181,96
fWH0bcXJB3Bc1c@consultant.com,F,5CC66BFCAE7C557E,1985-09-25,192,135
HDrZJHs@engineer.com,F,C8F788DC06E8E42F,1997-08-21,172,101
cn953l2qe@dr.com,M,62FDC7829E3DDAD1,1994-07-01,172,106
sk2vPp5zoHt@email.com,F,B6640C26E406DE27,1986-04-08,179,66
GsdmM8MRpBfg@financier.com,F,8E9ABE5A5D7E21E4,1977-06-17,166,68
XRYMQ3lIm21@iname.com,M,F82CF8D4CF336B7C,1995-10-03,168,28
vg5U3S8em@consultant.com,M,0F1F1FC77C4C6415,1998-07-18,164,76
XmEZu8S8TwD@mail.com,F,2B4B3B4F320B8068,1998-01-17,141,37
6nN8wbD@writeme.com,M,757F51781F4A9146,1989-05-26,182,76
bKApC7hhph@mail.com,F,D63C1A7969BD7863,1993-02-07,174,123
GrvGAMznChH@dr.com,F,9B59A084D4D0929E,1990-11-01,189,105
m0dxQjQKihOwQ2A@mail.com,F,8B04C42ECE481407,1985-10-21,192,67
bpQLtjjKMGJLCeZ@workmail.com,F,F8B5D92BA269F088,1960-11-04,186,106
xwrFOnBP@asia.com,F,6E6F97F522CE8C01,1996-02-26,153,69
vruiyIv@usa.com,M,D7C96F586F8915E3,1999-12-22,165,93
VUnirkQj@dr.com,F,DF4A32BA7F090F16,1990-12-26,149,64
LFR6hFQS@dr.com,F,A7B9812F33A3331C,1983-05-24,190,79
W0sgKFXvQ@europe.com,F,D3426EA33DA360B8,1973-04-12,202,91
cv5m1CtJB6H3hG3X@techie.com,M,2C72EDB71C9F0429,1980-10-24,175,66
pOlfUdei3@iname.com,M,68864288BE46573E,1969-11-07,164,43
jFXEmawbxt8U02@contractor.net,F,92DF315256EF2196,1989-05-23,178,89
qA8uHZy9l60Pvb@email.com,M,C886B284C160BECF,1988-03-22,168,39
mH664j6DrWM@financier.com,M,42C6BB340B9A3702,1962-09-24,173,95
L8ltHGkvrBRbHn@linuxmail.org,F,A80F7B37E1E7389C,1973-02-01,188,120
z2jrFtn@financier.com,F,78E7971EDDC6DA58,1966-05-24,173,79
YNsJjmRWpSeY@techie.com,F,F569F237565AF313,1982-10-24,177,35
OibzciB6hc7G@financier.com,M,30516C7079C2442D,1989-04-11,198,110
wMCA09WNuxy@linuxmail.org,M,9A516C8978C44627,1986-04-06,166,73
OuXDdvUZ914hVVEh@dr.com,M,638CB5EC44916EFA,1961-04-12,177,88
wOI3mdV2wk5txC@engineer.com,M,52B5E065B7B208F0,1984-06-04,198,131
26DRT71Yl91P39O@asia.com,F,D99F5C6E393F3BF8,1963-04-22,191,125
QfCo67JK@myself.com,F,44B72306471D4CE0,1990-02-22,196,97
GZHyf7N@europe.com,F,5624C67DF962BD9E,1975-09-08,181,95
258AXLhklfOiwdLt@financier.com,F,6F352607F6EE1A7F,1971-12-24,187,94
Px2CiXFsf@cheerful.com,M,7C4E46C59677EA48,1972-11-22,200,128
HENJDgzNjQPcDutn@usa.com,F,293B5B864EF972AC,1971-04-01,186,85
jZm7zQ8@contractor.net,F,EB7FA5EAD9B8F344,1962-09-05,174,87
vN2e5AbHWBPn8@email.com,F,039177E6A3E6F8B4,1982-10-30,183,80
VSRsJIQLaxOoSXEA@cheerful.com,M,78F26358E14AF49D,1983-03-07,163,78
PPpFDXIRLBIQ@cheerful.com,F,B5BAECBC308976C1,1961-09-26,189,98
WqNdTi4TAuotftj@asia.com,M,3006ED710872D279,1965-06-03,179,70
dA1sg2OsTbT@musician.org,M,29B2587CB3885A88,1985-12-21,197,125
F8Chl6bGaHQBxgHK@accountant.com,F,F050B7CED0CF0B96,1966-07-31,211,209
l2OiFBDX088Wyk@asia.com,M,3E3D57455CCF158E,1980-03-18,150,57
SmInQPseyg@usa.com,M,003FA01DD968F152,1982-03-07,175,65
zTZRxFkXc@linuxmail.org,M,2CCE901FCE312C24,1970-11-23,166,62
gaQNV2tMb2tjO@accountant.com,M,2FC65644F4066ADD,1999-04-06,184,136
oYaJF21Y3@myself.com,F,CEE4B7D39664A55E,1979-06-22,192,90
fL9dVT1EKDwZTs@iname.com,M,B103873E9F6087A9,1960-04-13,151,41
XM6GMedFx@financier.com,M,7A7CB912D3A05E0A,1993-07-19,187,77
dumqAq8z@contractor.net,M,A819016049ED05DC,1968-07-31,189,85
hhNQRevv74Fz2M@email.com,M,BA0A1724FC2003A3,1993-02-03,190,86
0J2588jqKrbFr@engineer.com,M,56B9DB2849F7564B,1966-11-17,174,81
T1Xy0pxpKHoCbr@accountant.com,F,D5125B1D39DBA1A3,1974-07-24,158,55
3RAhJypMxQ@techie.com,M,439DCACE22558D63,1974-02-23,187,116
e5M2NQSrdj@europe.com,F,752C0D7218ECDB81,1987-06-27,170,94
okoIIA9wycydp@techie.com,M,DAFFAB0D9B694CE8,1997-12-16,149,58
cfDcNNySD@mail.com,M,D39AF55EC708FE03,1977-03-30,171,63
OHAhqK2YFUv0Oy@europe.com,F,0562014D463CBEF6,1963-05-09,185,80
SiBCEpBBehm@cheerful.com,M,E0A9810846E5E187,1986-10-14,167,121
MdJ3gxtYwfH1@post.com,F,2B062A3F2A832F54,1969-03-15,181,75
wz1sZ1NwtSDq4RkL@engineer.com,F,F17404073C06D6D5,1969-04-12,163,56
FsKEg4ml@techie.com,F,509262EAF740C003,1972-02-21,196,90
FfuClH7A@engineer.com,F,EBC9B19DECA2243A,1985-02-15,148,67
zj4s528cPaxQGod@myself.com,F,BE4AC3C4703F4D0A,1997-02-17,182,61
OGNZ7iCqg7zd@musician.org,F,FBC9FC2639C9A4C9,1985-04-01,198,99
drAuaeALMqQBT@workmail.com,F,AD1B326118BDE627,1973-07-14,173,93
93iLCVYwQ@engineer.com,F,1547459BBCCBF2D2,1963-09-13,184,79
SO5tA930A7WRMpS@musician.org,F,DC97DDF38FFB1328,1975-06-17,175,63
0mxHhg3qFn@usa.com,M,9947A8CF46FA02AC,1967-06-09,166,76
bgGWxUI@consultant.com,M,248940806B406B41,1998-03-10,168,67
fmpXeFX5oxoKBY@workmail.com,M,937B605D00FF1F16,1969-10-02,170,78
YSGWCYM8qpdT@cheerful.com,F,D79E16849587847B,1963-02-05,157,90
ZuZS0YwWrNbw@musician.org,F,F057FA4EB6B60259,1985-04-08,173,130
enhWrVOzFbVME2@myself.com,M,E2F90DE6CA743520,1995-06-03,164,50
cGiGjZLyGL0WZ@cheerful.com,M,30E67DFE903FE557,1987-05-16,150,58
Ma0XnlzS@usa.com,M,935F80820FAADF6E,1968-07-17,165,78
zo1znKHXBy@mail.com,M,847736FD18A6CCB7,1986-09-20,172,84
1B6qDYR2XLosSaC@engineer.com,M,A3EE153760602A8B,1988-10-14,175,57
zTMXBzvtDQ6lk@europe.com,M,91DA2B70FEBAB4D8,1976-05-22,149,57
a2JunRGXWLUpq@post.com,M,E4F53E004F158D45,1961-07-22,168,74
krBGkiiYBE7@linuxmail.org,F,9A6779CA73C2DB16,1979-07-09,174,57
czrYo9Cgi@linuxmail.org,M,AEA96971B3417131,1998-07-02,197,113
DxJNSDGt4DAB6f7@mail.com,M,BBAB0A05384952F0,1977-02-25,169,90
nEvEEVFt69Um@post.com,M,8E0C2157F2D711C7,1975-06-14,185,67
2F278UfXkxN0v4@mail.com,M,723AA78BBCE4A144,1998-06-06,156,62
MUVfX347bnRWic@myself.com,F,13A8BF063DDD98AB,1971-11-01,169,64
HBvsjKm@musician.org,M,BC76D02DB7DED496,1996-01-05,197,83
wIYP5VJpwxB@writeme.com,F,6F2C0772932D8596,1988-10-07,151,59
uVQdVAPvr@consultant.com,F,359F1D273E2386F1,1999-05-01,184,69
wrrrnj0URtW6@europe.com,F,FBDFD6C2AE1B0B7A,1987-02-03,173,77
xJxNVpbxSR637c@engineer.com,M,FF7B15237A24807C,1974-01-01,176,74
QmFs5Tfdwq@musician.org,F,00671B431EEED07D,1978-04-01,178,64
52Hot54K@accountant.com,F,AF9D7EAA7901F879,1998-03-11,137,35
wx9M78i@writeme.com,F,23E8F14DAEDFA3A6,1970-07-16,181,79
Ui5RqoLpey6y3f9J@email.com,F,7D33F99A71FBCF77,1970-11-29,165,58
ixo8pxJjV@europe.com,M,43409408FF4FF11C,1964-03-23,175,35
ORqDB7wOZao@dr.com,M,5D95E6811AD6D726,1974-06-23,165,65
Z4Rl7lrY0vw7zv3t@techie.com,F,07E850ADF90A0BFB,1985-12-14,191,123
lDr79ASH@engineer.com,M,F4BE3F0AD50FFDAC,1977-11-19,190,111
0USiDDDX@financier.com,M,74915C5038F1481E,1971-04-30,190,107
cHEeakJYQCmw7l@writeme.com,M,DEA0143E00DA8FCE,1980-12-14,184,66
JSNLQDSdm@contractor.net,F,033281F1434E17D9,1995-03-12,182,121
PPaHv1x@workmail.com,M,79A3D9977CD18FF6,1967-05-29,187,100
WD96zasM8sKE1xvH@linuxmail.org,F,8C22EDD8070A91FC,1964-10-21,161,59
5x8co2MOn2@email.com,M,F6A30046E73ECA6D,1993-09-02,178,63
piORDseF@engineer.com,F,4B57CBC806A05737,1967-09-26,164,66
Z36Q4s8bkQu1U@linuxmail.org,M,70564E586C017A42,1992-07-09,184,114
1F2cFNpEuVXr@usa.com,M,F415ACBE246982C2,1986-06-20,174,98
9K0wvDVTsma@email.com,M,959917EB1EFF68B5,1962-03-31,181,43
UYvsm7vcn@mail.com,F,DAA5372C46175C68,1989-12-24,171,44
O3NIcJm6SGgK@contractor.net,F,39874D36F845493B,1974-08-05,170,97
RKUOPeRYIx3V@post.com,M,55F8318B14F152E1,1974-09-18,168,70
UGtsbcAPy@iname.com,M,6DD6340276ABC054,1980-11-14,166,86
wC2DjZiz5T4nx@cheerful.com,F,E14AF5A01CFC3E0D,1966-01-28,156,44
0PhUOlYckoe7o@iname.com,F,F00C50F1983D9FFB,1966-09-14,182,54
G0swLxdwp4W@techie.com,M,A40C8B41CDD432D1,1984-07-18,174,103
tfMQ9eF@mail.com,M,B7DFE1EFD229EF90,1965-04-26,154,74
lXQnbDBby@europe.com,F,EA5D535039C23139,1967-03-31,150,45
jf8YfsZ0Gd@financier.com,M,C40601BD6A57BBF6,1973-05-01,148,83
JjLLobHL4nsyBV@musician.org,F,5EBEF834B61E7502,1997-02-12,190,57
vwUj1BizGRYG@financier.com,M,489AC488AD6A8682,1989-11-13,173,59
L8aer6y8@techie.com,M,4A7A11AB29CB4953,1997-11-23,169,114
T59Ws3YOm5dWs4Y@iname.com,M,B302AE59120319B9,1980-06-09,174,102
TLlFGx24Moe6g@europe.com,M,FD4C8434B4F3D961,1978-08-13,166,31
Ks6LrR4pY5@consultant.com,F,880D4AAF35374DFB,1990-12-17,192,142
FVfdWW2zPUGnp6E@asia.com,M,C0D096E441DEE988,1997-10-19,168,83
1DpeFGRB0pX@techie.com,M,F477A5234167C2DF,1999-01-20,175,22
zLORiE4U7uy0XP9b@musician.org,F,C6B723BA7083C92C,1968-03-03,165,44
sNB3BKG6ftxM@usa.com,F,0EAF5B988B2241DA,1997-10-25,172,70
twShSkx8@linuxmail.org,F,1E403755D5E5212A,1984-05-15,197,100
XSyNDtRqQa@cheerful.com,F,B9AC2AC42CF31510,1998-06-05,173,79
SMZz63uK@myself.com,M,28337089AF9A55FD,1960-09-06,164,68
iXwAB2Z3m6JHu@engineer.com,M,6B361098F7CCD756,1963-01-18,180,81
rjOmVfzLOUz@workmail.com,F,9FD6D8144308E8AF,1977-03-14,173,78
jUYgtFJUTkejg@dr.com,M,6F9931990ED98B18,1984-08-07,165,68
bN1E1ohjE@consultant.com,M,52ABB0603D7F37F3,1984-07-23,159,50
onBMTk2s2un@iname.com,F,ACE61FB51FE4F426,1998-05-07,157,42
ea2bDOUxxUIHT1Da@mail.com,M,0CF9C32763F816C5,1992-01-22,194,93
goDl6BG2BpjsQ@techie.com,F,DA08D9AA3DEC1124,1991-03-20,174,90
cMCiKKT2um@techie.com,F,874BDDCDD50004DC,1983-08-08,186,80
ISnbNxF6buXLBqM@europe.com,M,D1FC750BF20ABEB5,1968-11-17,177,58
aOn96fv@contractor.net,F,9565919BDE33EB62,1978-09-13,183,164
gnfKOxMBNus@email.com,F,BE43A4A11209EADF,1972-07-02,196,101
K4QhuVoYb77Fde@linuxmail.org,M,BB720283D41ED577,1966-01-13,167,78
WJfdlf743OOH2@iname.com,F,31AECC7AF2ED4CB7,1990-12-08,179,97
9bBGnjN@financier.com,F,C6ED1C231B7FE7A1,1964-03-31,175,92
8J1XpiVfsJ@writeme.com,M,C5DED83C0ED78D93,1982-08-30,163,78
EW3tqIquM@musician.org,F,3F313EAE2885BA3E,1986-07-16,170,85
LKJ7b6d0O@mail.com,M,947CB70E0A62CC9E,1967-06-24,175,69
NiTsLel9kt0@linuxmail.org,F,8BA68E8454C36BA7,1967-03-12,158,52
deGFDsGx6T4aWCC@email.com,M,C714521BC3C3B938,1970-07-25,186,96
fpNMxoWQqW@asia.com,F,7FE56C74B70104E8,1970-05-12,158,100
yzMqlelTZOUtcAfX@linuxmail.org,M,5049698E02CDB201,1971-09-30,192,43
bfyATJqnOWyVbYd3@dr.com,F,3E08D067B1E39E9A,1973-09-14,183,67
2MgfkCceQUQXgFU@financier.com,M,B36C06F7DBE72447,1992-05-04,190,129
Zk69C3WQq@financier.com,F,90F9F1ABDF17498C,1993-10-01,198,78
n6rM3W2eBVoY@writeme.com,M,77B93AC43D240937,1975-05-04,184,116
kBZqHoY@europe.com,F,4B5CD1BFDBC83E75,1967-03-22,181,84
s6dPZMuNvm@techie.com,M,93087D45899949CB,1962-03-04,171,94
Ldu0HwbFRypmQ@contractor.net,M,CB9FC2857411E434,1964-04-25,156,62
LIqIni1oDR1LNP@usa.com,M,1028A157AD054E9E,1968-07-19,165,76
FVc1j0uSWd3@usa.com,F,D4401F267E9DE007,1997-09-10,197,87
eeKziXbl@engineer.com,F,DB59E2F524FBE823,1987-12-01,175,86
yfMrq2UWSJ3eoQA@workmail.com,M,9EE0584A740920F0,1989-09-04,169,112
FYah7W5SUB@accountant.com,M,5DA0C1213D1C822E,1964-08-17,166,72
Xx3R6CzjB9uzly36@email.com,M,41DBA596DFCC62D6,1997-05-23,166,79
Z0B9zXYK6oNyxn@dr.com,M,7FD17F7AF6909002,1973-01-09,166,92
BAKqTEFpUdbW@contractor.net,O,00B647B2F45EB19B,1962-09-14,182,105
HQivR43U8@email.com,F,BBA09FE4E17D9140,1977-03-25,159,51
5o0NBXqj1SBxW@writeme.com,M,1625B449F17D34E4,1978-07-15,189,72
6mDStpRjjwX@post.com,F,6FA6467955AC606B,1990-10-09,202,41
6JqMADqlg9oFIbY@email.com,F,13E11E4884D0817C,1981-02-08,170,72
Fi31JFOC@dr.com,M,6B56F49D543F6F35,1993-08-18,186,53
vECmf8YThg@europe.com,F,97FB8F81AE8FA93E,1989-10-12,176,63
uFObQhCAKt@email.com,F,AB01AA821ED5296E,1973-12-24,198,101
FXZ3hRWG1KFXv@cheerful.com,F,E9F075DBF8FFB834,1981-10-28,175,52
TMsxziaBC8l@myself.com,F,3E366F77FB62046A,1971-08-08,167,56
C4hXjgdE6IliW1w1@myself.com,M,6C5105858FA50620,1962-06-24,185,112
aJ5ZPR630THj@engineer.com,F,3E9724420964D012,1976-03-08,212,77
3if8Pzcui8@workmail.com,F,835B655409B2266D,1988-07-18,179,70
V5sNo052nkXR90K@techie.com,F,0BB01BECBAFAFA8F,1997-06-05,171,74
oU77CTcnROmKFZ@engineer.com,M,B6EC3DE9656D11A3,1998-03-04,161,78
pAzRxIh4lEB@writeme.com,M,758B821053361E05,1969-03-28,183,92
cqQQqIGFbKHD@consultant.com,F,26CC69ADA8EBB89D,1974-10-23,191,74
CuV0fidqqSW@techie.com,F,8F94DEBF7682551B,1998-07-07,186,99
0Mw1omjMxKqOKsno@contractor.net,M,FC6DAE5589F18018,1996-07-07,169,72
zqYJpABytot3@cheerful.com,F,15B53FC288051F39,1994-06-02,153,67
B5oGGRY0nU@post.com,F,2D10EF483C307F6D,1970-03-28,153,52
mLccSNnD612@post.com,M,6B4BAA8FF07B45B7,1994-02-03,194,58
KfzBC1K9u1@engineer.com,O,7DE796D122773D81,1997-12-08,180,21
VxvPGPY82DD@europe.com,F,58BD48B08BA9F6C6,1984-04-09,144,49
CIKWn3g@email.com,F,4957CCC77151220D,1961-01-14,173,63
ubcyF1E5HM@iname.com,M,E46F6018985DE59F,1978-11-15,169,89
alY5v7pA1@contractor.net,F,8528D6D709B2DF51,1999-07-08,180,77
zJqClHe4AoTZU@iname.com,M,E218BA291D09A5BA,1992-07-10,133,28
gMajCIjDeq@europe.com,M,A79F8759CD1D8998,1993-03-20,185,62
7GqnzmP@asia.com,F,1C1219040751416E,1968-06-19,168,75
OUbH8NubiRnD@europe.com,F,C601CFC412CE17BC,1997-12-10,150,44
tpQ2dG4t@consultant.com,F,22F4FE4E0FDF8BCE,1964-04-21,179,81
dv0j6AnCkz7Dc0HG@iname.com,F,0BA9198CC197770B,1962-02-22,194,98
t70ifKU@myself.com,M,C79CC867AE8780C2,1973-01-01,190,77
0mB4Y6sZ09jtCn0@consultant.com,M,587F4D5895C231CC,1970-03-18,186,86
G08Zf13VnurjB@workmail.com,M,0520FCBEE626C3DF,1973-03-09,175,77
qLUDDj9@iname.com,M,83B45D74DA7D8C4D,1983-06-07,170,97
OpDwQPCsele@musician.org,M,CB3A2348EE2D5929,1987-02-21,158,51
CCi7pMd9y8tyU@musician.org,F,CBB48078DEB4072C,1989-06-15,160,54
6zy2lwMk2VNqfcX@linuxmail.org,F,C8F7F7A787EC1626,1989-02-15,175,75
S9ljjxR@email.com,F,875CF07A0A418EB7,1995-12-22,178,62
82h4m0tHz@dr.com,M,B4744C9157866441,1979-02-04,150,70
NQTjfDe@writeme.com,M,EE9920688F3D6789,1987-08-02,173,72
ejfmLhS7D5w2@consultant.com,F,BFA2067B642A865C,1969-11-01,166,103
7I6HK5gYUfXMxK@mail.com,M,A358F339AB3F405E,1966-02-08,161,60
Rt6gupJhMAsyMEd@dr.com,F,B502D7C20FE81534,1983-05-14,164,57
MhyAfTBVT79ucs5@myself.com,F,6BC71A6791AAEE18,1991-06-08,167,65
VYMjyOVq6QefpTt@iname.com,F,525D797C84002D88,1975-07-20,198,81
Isuo6GUyS@cheerful.com,M,FCA9BE1B15BA88BD,1978-12-02,179,80
kPnG0BQMk8EoOQ@accountant.com,M,95E37553E6F59EB3,1973-03-06,164,107
lWYdzq7@writeme.com,M,9727F2B87B74BEDA,1962-01-19,175,52
DP2hTkv@workmail.com,F,5515883A5CCAD1F9,1982-05-31,185,86
FM2rSCKJ1MP3dvW@europe.com,F,B5292EF08B693B0A,1985-07-13,171,90
PxBE7rwEBe@email.com,F,51212EC58EC78C8C,1971-03-20,162,61
qMTdKSBUKbKs0@cheerful.com,F,163DB01BA58E57A6,1993-04-22,180,77
AguTODkaQ7@dr.com,F,60EE7A652E47BF6E,1990-01-04,179,109
b3dhUSX7D4X@workmail.com,M,A7C9A3BEC7BEBE58,1972-09-13,175,69
MpHgB4FM@mail.com,M,E36330AC98450022,1994-07-24,179,75
CmSBcrBP7juOpwO@techie.com,F,F693D633C42A9B39,1997-12-19,175,69
2ij0hQe@workmail.com,M,AA3AC732144D3AE5,1989-07-19,174,109
bxvcICUv1tt2@engineer.com,F,53D1F0AF29219F24,1990-11-12,185,103
JyJdiTRAHdRsnya@linuxmail.org,F,9F2AFA66CCB1208B,1991-08-27,175,39
QegcWOcGsDyP@email.com,M,62E268B206CD41A1,1966-01-25,178,73
9Lae0ZQ@myself.com,M,47E4CA4E0849F615,1969-09-07,205,103
Fyrft3BUG5@post.com,M,3FF8729D6C68FAE1,1975-10-01,178,72
p4KSI1ge2oUO@dr.com,M,E591AD50AE02A6CA,1985-09-30,156,79
9XEUOzhtikOfp4@email.com,F,63F84209B4914A91,1987-01-12,177,79
bUX7obU@myself.com,M,4922B119A20C74EE,1991-10-05,182,73
OdoCkKQvxLNN1Dh@contractor.net,F,4967AA5E2148BE23,1982-07-11,190,141
cmL5sp0tPkXFWOU@accountant.com,M,097B808683AC34A0,1984-03-02,193,141
auBhh8RF1ImWIKc6@consultant.com,F,0C2423E5EB7CDC71,1972-02-05,184,74
Ty4ON6C9@workmail.com,M,D71D5190123ED8C6,1960-02-13,185,83
0PvaMeYq@techie.com,O,94A1F379937E2C77,1979-05-05,195,112
CYNNmli29BbpE@cheerful.com,M,42677879B6BEED86,1971-03-26,152,79
xXwLVdqZsSLDw@mail.com,F,0FECEEAB5AAAE1AF,1965-02-11,183,108
vW1Kr2o7@email.com,F,1ED2C0957AEA57CE,1975-07-26,168,90
ZkeWQy7gsQZ@financier.com,M,FDB4C65791A81197,1970-06-20,174,65
gK07Te7GbI@engineer.com,M,2487A0B0E42835FE,1996-04-03,201,14
vmA4dwh@mail.com,O,A2D50BE2D7815EB0,1962-04-19,178,58
jzOftyLzNH@europe.com,F,A12077203FF4C901,1976-11-19,177,85
iUs2sMIa2@techie.com,M,1BE458E8603E63A8,1960-09-14,169,90
lAmR1v7LIJV@accountant.com,M,7E050BC5327EEB41,1997-06-30,170,72
pUSEt3udaj@asia.com,F,E9E1B033683B4502,1962-08-11,186,92
IfoEnFM6wwv@email.com,F,CD857EB61E3E8432,1967-08-30,180,83
GswVJun1k@europe.com,F,EFF20CF30696C49D,1989-03-21,152,45
E3PeScxwOQN@myself.com,M,A20FFEC0BB3A394E,1995-12-24,192,131
2VlcF25Q85c@dr.com,M,9777D4003C50CDA4,1980-09-22,172,33
cIwOw9F1BWt@financier.com,M,99D06E58D6D796F2,1969-05-24,192,97
CbzosJRmdCUnl@europe.com,F,D8C6A7DBE2483257,1993-11-26,180,68
G02MhL2@mail.com,M,6AFC1CAF2D5DB45B,1965-09-09,192,113
6RvTm8KBmbOxXcQg@post.com,F,74D46FAB4926CD8A,1974-08-17,156,46
UEXe46Cgw3FkYnq@iname.com,M,2F04B71B72C92C31,1996-07-27,195,92
CgSpFYCSR@financier.com,F,14BCA8B5ADB5C254,1969-07-28,142,34
Y1iG2V65m4V@usa.com,F,05A06DD191E028D1,1996-06-23,160,62
UaOy1b7IxAFk5n9l@europe.com,M,B2262FB43A3F61F3,1983-04-30,192,94
9m2s9J44ssXWqtSe@musician.org,M,839BE9257326775A,1990-09-23,186,80
01VoM24qSm1Zm0n@techie.com,F,E4CCA6B540C93366,1975-02-02,175,92
lcpY912hhk98No1@mail.com,M,47EFFD97549D661C,1969-01-17,146,70
PVmT0Afu@financier.com,F,0ADFB2CD68D1EAC9,1981-11-24,153,77
VHZvPJ2cDst@myself.com,F,49AE09C4F5921B0E,1970-12-29,155,71
HAl4Whw@contractor.net,M,F8DEEB1BC399ADED,1972-06-24,153,80
KFeDG5VoZ5hvvyOA@europe.com,F,36D6EE89FB815DFC,1992-03-01,168,81
UCvxTWr71PdGqq@mail.com,M,CCD16F954DA13596,1970-09-20,187,78
WOVyBwmXpQX@europe.com,F,B7BE7F936D9A1A59,1973-05-13,164,70
HCB8gCOwXxc0@dr.com,M,50B18D4744DBF502,1997-07-28,171,38
XTJHCUzR0@usa.com,M,1EAE5DB15FDAEC97,1964-06-24,174,82
xoyGhag@contractor.net,F,009C5ECF7104EC31,1999-07-12,193,104
NqrWhVUdis51@techie.com,F,EBCDA07BFD593E25,1995-05-12,205,79
gMYhcJNWXx2FK@dr.com,M,9E9BD0F0E66C0808,1984-07-21,170,104
mSCLnCEhAwy7@consultant.com,F,95684C7E31D5EAB9,1969-07-14,197,90
uwNkHpt@usa.com,F,4F672B6DCED9737C,1995-05-23,171,56
ADdStKPel@myself.com,M,DCDDFEE3E5D1B607,1995-05-18,175,70
95npys91tm6MlMZu@europe.com,F,4341B019F39BACED,1991-04-29,203,119
EHAzgmtu8@europe.com,M,F3763517F39DDDB6,1979-01-11,173,52
9i5jOa53i8JqSC@iname.com,M,5ADF609FB0DD7C10,1960-06-17,197,98
9pSmNgG@usa.com,M,E4B2A7A35D9C8680,1983-09-02,172,78
UTjQtPB@asia.com,F,4AEF63EB39692D53,1977-06-10,182,87
t0zjS3V0e@asia.com,M,40A7EF59110F9EC8,1974-02-24,173,78
Yac9CBxS2V5Uy1j@engineer.com,F,7868C76BDF7EF533,1988-11-25,190,52
knwo8VAre@cheerful.com,M,CF09843E1BDF5F0B,1975-08-05,189,65
zxWTGIGpBwDhKd2@mail.com,M,C3FF87ED32D04934,1966-07-18,205,127
Fn9FQX9X1KZbXo@accountant.com,M,4AFEBDB393A6A04E,1974-04-23,177,89
XG8SqmFq1@post.com,F,57C1DF099C29C5CD,1988-09-03,168,101
RltQ185OIspOo@mail.com,M,05E685C3565F954B,1975-11-20,184,110
gkYCITiR4Ki5mgPG@email.com,M,95CC018EE2078F6C,1975-07-12,187,52
bk5GeRzPycUZt@financier.com,M,B90EAD9D57B3D60F,1982-03-21,177,90
hzQL4bjiI9gP@techie.com,F,FDE5B9CB0CCBBA2E,1996-11-07,164,42
RXd5TsbNrDLjBJ@techie.com,F,5127C94335F192D3,1996-09-13,195,74
hluoaHCji34c@consultant.com,F,471E0CE29E2FEA47,1973-03-30,144,60
bNklKvbN@post.com,M,936356AECF6D3294,1984-04-21,185,96
0v540H878I@post.com,M,8A6D5B707EFE909E,1980-10-15,183,61
Iqtq8be6Sf@cheerful.com,F,CB92C622DB140C89,1979-09-15,147,34
PHcX0xiXa3djE@usa.com,F,344EE1B58FDB2B4A,1988-08-13,138,35
LsVveTP0eklo@iname.com,M,965F4FA0C726EC7E,1977-07-31,182,61
QjwsJ1Nszzm5l@email.com,F,CCC4AD7D71EB6E38,1994-12-22,182,73
PQT7v0rgM@europe.com,F,BF73B9218A1982D7,1990-04-10,208,149
O7cdsb8PN@dr.com,F,AD565C6880FB78FD,1967-08-28,163,61
hYahMuITuvI@myself.com,F,6208A7AE37B38E44,1994-09-15,173,84
M2RcTcaAIMf@email.com,F,5C2D9FE72617318A,1975-01-13,147,47
08xPNt6Pi4lb@cheerful.com,M,502C10A0F671D471,1972-07-17,196,69
lov64trBYj@email.com,F,FD53DF29A6C2F434,1994-04-01,151,43
CEsfllhsdYxdwOF@europe.com,F,DE3FFA663DBCB79B,1998-09-22,202,106
aaf1dUnqssO@techie.com,M,6FF880E7AD9C82BA,1980-03-01,163,73
B8zuzYhtjtzG6K@musician.org,M,15DDD4029D9DAABB,1987-02-01,150,17
kvP35ilV4@writeme.com,F,8D8EA7A2EBF86A67,1979-06-10,182,87
oJyjXdM7L@financier.com,M,B5EDC1A0E3FF0A3D,1968-01-18,179,33
61Yd4IxdOlNNcY@contractor.net,M,BB1113468652A650,1979-07-18,160,66
qRQWQEHkXVH@europe.com,F,4A0AAAD62FB0660E,1962-05-06,170,52
MD28AbbCOZW@europe.com,F,B947815540D9C82F,1983-03-18,180,72
E1SqZdZreY26RWo@asia.com,F,E897856234AE76D3,1968-12-01,188,80
Il4RQTdVr@mail.com,M,8764E6F0F054722A,1996-05-06,193,144
mwr30GTQ8uq@musician.org,M,2B79B36D0E3D8015,1971-05-06,208,131
yOd4s0B@accountant.com,M,D0FF6A6D94C6A810,1985-07-03,178,76
Ty9YTBBJQyVZsJEA@myself.com,F,074E35A8FCEDA534,1994-09-02,166,61
kaI2oNkr@email.com,M,DA18AE3ECD12D447,1994-06-22,175,119
C87bKEC@mail.com,F,EDE3648DF554FF8D,1983-07-26,196,88
roLJ3zDU1AM@cheerful.com,F,FC7D23610A6FB6B2,1964-01-04,166,55
a3hVTB2VXnb@musician.org,M,C78283159451C6F7,1968-02-09,182,95
K0XEnp7MINgIvgY@writeme.com,M,89C51690C2B2BF21,1983-08-16,201,136
z3bVKO7UmRVqxNI@iname.com,F,6A4B31197EF5F4E1,1966-09-18,175,88
YAS2QMD@myself.com,F,05F6710A14DF26C8,1970-01-13,157,75
guGR8pwwo3@iname.com,F,E54B6226341DE07E,1987-12-25,162,59
BqXhS10Vmq@accountant.com,F,4B10BAF7C78F6D93,1981-03-16,168,59
H3J8j9OxrTD54ku3@financier.com,M,0F15C1CABC22FCD9,1960-07-02,175,59
LXN0Ye75A@writeme.com,F,008BC6A85ACFC25F,1963-02-16,201,88
xe206gr892VBoQ2i@linuxmail.org,F,9541FD067F4BEA10,1995-01-22,180,106
rwt7dDAa@financier.com,M,3C7E1772DEF86695,1969-03-09,169,24
NdMjf1xIPAXvBe@workmail.com,M,08684E3430ABD919,1976-10-11,191,76
rkJ1lHlts@musician.org,M,A2805B2A03228714,1978-11-19,187,115
f73MDirGY@consultant.com,F,091695B59F347906,1986-05-19,196,41
xYNZq2Qf@engineer.com,F,57FDDFE195C874CF,1976-04-22,189,55
Z6qLqR15GZZbta@linuxmail.org,M,F82358E2590D468A,1994-09-22,162,62
sJpe7Hw4ZoABC@financier.com,F,4A7B90747C5DAECD,1990-03-13,172,50
yviiHGcmmBxLpKj@engineer.com,M,AC3D560AE1853BB9,1980-01-10,204,117
sOjw8OxP0Z@techie.com,F,057EAEC0FD6E71E9,1977-01-24,207,73
smepnQCNQhiRZ@financier.com,F,0F9FC929B0B3D2ED,1972-01-19,180,106
kFaQEvhTstfF9v8@linuxmail.org,M,595E1DB0F8ACF846,1984-05-15,147,62
3qdKHlS@europe.com,M,E2AB6C7FD2F000ED,1964-08-04,178,73
iMoFyaRGu@europe.com,F,4ED1ED30227BC655,1977-11-11,180,104
W2TZKdybrGsAW0@email.com,F,F118EC3369F77563,1988-02-09,151,68
bP59ssDlFU9IPyP@usa.com,F,D24DEC6924DA420D,1967-05-23,198,136
fHAtnsR@asia.com,M,52D54DA54D2D6EAC,1981-04-02,163,74
O1hL9EKyxxpJE@workmail.com,F,F1F56306E34A399A,1976-11-09,172,81
p4Oy1vXCqCktiYY@accountant.com,F,6AF936E76ADF692B,1966-05-18,189,116
gOLjuOOKFhIPv@engineer.com,M,D7BA9B8D0177E915,1981-12-19,178,78
T9RK4Vte@cheerful.com,F,1B5CE69DC91DF337,1973-05-16,172,102
eAeTvISO6TSN@financier.com,F,74202D509A9E3415,1966-03-23,156,47
DWmwAFwrpfHgyga@engineer.com,F,D6662EB080D1A220,1989-10-10,172,65
VoowS6nCqUjX39T9@contractor.net,F,E8F74F459A3A1FCC,1971-04-12,162,98
37HHu7oWhow@cheerful.com,M,EF87185145CC565A,1992-10-11,184,63
WIGBPsoZ8LV6@mail.com,M,5E11ABB283892366,1992-10-23,174,75
pvyfuuE7@myself.com,F,93ABB2BA40F0A436,1988-01-23,155,63
H8zbzIttM@cheerful.com,F,6AA47A07B2AB500C,1998-09-20,187,84
KKAibtIme@workmail.com,F,98D2E8416F2C3947,1966-06-28,171,77
ITgAdGe5e4RJzNv@consultant.com,F,F982A84C755233B3,1984-10-20,186,70
fHGLpK8hICRXl@engineer.com,F,0AE75A67DC1E7C94,1990-10-08,197,123
nnjqpU16@email.com,M,5E12775D092DE627,1975-09-21,182,87
b349fT3ZkzULX@post.com,F,BD601F06F520BBF1,1980-08-30,193,67
YiNmztLPVo9@usa.com,M,0EB83FD05AB6E4D3,1966-06-23,147,54
JEUd9Tl4C0@mail.com,M,EDB0FA25331AA172,1997-06-25,177,109
lUpGsDloGz6SwQc@engineer.com,M,CD894D0E689BA8C4,1969-04-25,169,61
y9xksRsXlkctJuS@mail.com,F,9151BBE9EDA52884,1997-05-20,193,117
a9FKneIoWeq@techie.com,F,6AA34BD01BE6EC0C,1970-09-24,162,54
6Y65kEaJ1CagCvR@financier.com,F,260BC59F6E83FDE7,1975-01-13,170,57
AyEIzUY@mail.com,M,9372DA4B6C510096,1964-12-06,183,80
D9HXm7z086jAMC@email.com,M,1E227E437F3FB35E,1997-08-12,174,62
y7s5BsE3@mail.com,M,6649E6EAAA1CD8CE,1975-03-15,166,35
hPrkMsRsDzB@contractor.net,M,C837667165B15D23,1969-07-05,173,19
iw7BSXmWp@usa.com,F,3F4C6F890EE067FE,1962-09-13,180,65
RCTXzXdfypRfCe@writeme.com,F,4C22CFF5FC0EEEEA,1973-10-09,192,105
qSxNlRBI@email.com,F,1F97B24D4E63C5A5,1976-12-20,168,121
vTY6J3XlQ@consultant.com,M,835A6F3A47DC44C4,1961-02-04,167,59
0RQ4xDeY0Odra25S@consultant.com,M,C85F1C96C5AE9DFF,1980-07-06,186,67
PomHNEXDk@linuxmail.org,F,E0FC8FB493377D46,1977-02-12,191,104
e6yMT7pha@musician.org,M,1C9FFE1560315CA9,1960-02-22,160,79
AR4yamW@asia.com,M,3E7802AD4B51666F,1975-10-28,176,92
H3pjuPvnL@accountant.com,F,A8140F7851969495,1979-08-23,163,85
ah3gOy9KwLx7wWFH@workmail.com,F,1FE1903C7B5D041B,1983-10-24,177,84
oE4575i@musician.org,F,E71ACBCB9FD7FCB3,1964-07-06,191,112
W9z8uPacY@iname.com,F,94335D28355D4D18,1997-11-30,191,51
yMYAW8jwjCjmUBMd@workmail.com,M,4E5025EAE09F3D58,1967-06-21,145,23
ytDFkDqWsd@asia.com,F,AD843ED1ABBC5372,1987-04-17,194,94
9Mygm63w3IKT5QE@myself.com,M,BD53EAC80CBDDA5F,1995-09-23,175,88
tSzI95Jm@myself.com,F,75435F685F882549,1962-02-10,196,103
ODgK5wIwcVtm@financier.com,F,F405C87D62BF164D,1987-01-07,187,71
uJxbWmdRpy01P2K@post.com,M,EFF4A930D44B16E8,1969-05-21,168,55
Ag52K1m6g@linuxmail.org,F,22E83F5241942D6D,1961-04-26,204,82
lfu3zNREh@techie.com,M,77F80900B8F31FF8,1963-11-08,178,118
bItn3AYvDVDN@writeme.com,M,0207FA000072A3D0,1983-07-12,209,133
XdgVt2P@workmail.com,F,3E557F90A8804048,1995-07-28,201,124
J8k4kLopl@dr.com,M,78311BB889895E02,1975-12-31,180,62
SWhTtEFxuu3LZx@asia.com,F,C666534445D43720,1965-12-24,166,52
tueEZ6rOrVxKi@post.com,M,A695C73337733861,1984-07-23,158,52
oSNYISnFP@asia.com,M,E0CF9B4033DB62F5,1962-05-21,174,69
jxXMZdxLR@iname.com,M,26A9311F7A44DD71,1970-01-05,168,101
7dbPLLOTK3kWPfq@myself.com,F,82A99AECA688A77A,1972-05-26,197,69
gDGOQ7AITKi2Fot@contractor.net,M,67ACB3479E5C8FCE,1988-09-21,184,79
jNWO8KFZa@iname.com,M,2D5F6F8FDA45ED24,1972-01-23,171,99
gLA5skCapUyvd@asia.com,F,26E7DFC0533B9C86,1975-05-11,214,146
IzkAjDgwqYp6z@post.com,F,37A5B1E1E48A537D,1960-07-03,158,87
JII4cFHdZ3RmaRI@europe.com,F,37899688C35AD910,1990-12-23,177,77
jGmgZ8uhDSoCg3@techie.com,M,05D1323C51760323,1996-05-13,157,79
eqXqfZMRkdwZcp@engineer.com,M,7282736F496D4732,1999-08-06,157,46
5xKvhj3VAUyV15@asia.com,M,515F16069C92911A,1978-06-05,180,99
auLrkRDOCqDE55v@iname.com,M,2D84114EFA9939A6,1970-12-21,160,66
UwkW8Yo0@email.com,M,822425D0822D7017,1960-10-09,181,78
yNivlfwnWqW@workmail.com,F,79B49C309EF9CED5,1994-01-22,162,72
WRJlpGouM5oa@mail.com,M,B7D36E0894B40BB7,1991-07-28,178,66
h3ww8qetxYM@cheerful.com,M,90C0B58873DBDAA1,1965-04-22,177,78
ctvsjCV0QInZBa@cheerful.com,M,DFC8B5ADAC3067DC,1968-11-13,191,70
yjQH46Z@asia.com,F,C9D8FC8F39E6F3DD,1970-05-26,185,103
px2RlMGkyAYrRIJH@consultant.com,M,1FEA36CE1991D14C,1991-05-04,175,82
I8FOji80aRXS@financier.com,F,83196F36E95024BD,1973-10-06,189,81
RsOncieXfUQvQxq@mail.com,F,E2EC0BADF9FA30F4,1962-06-27,146,28
k07qMO6xZAlAhcA@europe.com,F,CC69D8D354EE20F7,1984-02-11,178,97
vTpbNlMX2slB@dr.com,M,F3ED69B262C1A893,1970-08-31,180,88
HuhJXdwr6uyd@asia.com,M,D00E3B5F67C94ECE,1976-01-17,167,78
O9XiN9aGH4ZIflX8@techie.com,M,88E24350FE7D0D67,1974-06-08,179,71
sDrt46Nxk1WUkdx6@mail.com,F,AD9E46218DBBB2A5,1973-03-24,170,73
YPrHVevXQlp@myself.com,M,2384955F77AAF450,1987-04-10,169,80
IseBgEGYfeA@financier.com,F,5C3EF0308E2845E4,1972-04-21,181,89
IynYiOrtrswa9@linuxmail.org,M,C7EEC45B0E3AB0DC,1992-03-23,164,69
8wrAUI8QyR@iname.com,M,D3D44E5781C214F3,1984-09-02,151,69
lv4tx3at69Aa@workmail.com,M,BE708F14CB503382,1989-07-30,152,70
t6Yl2fAnj@iname.com,F,4FEA8B391B4715E7,1986-02-10,203,144
oBTRrmt1Rwle@workmail.com,F,68A9F44238EE855E,1961-04-19,191,71
4Ze73RQ0f@accountant.com,F,2B53429E6DD07318,1960-07-10,191,74
eMTN2aawZewAAT1@consultant.com,M,C09853F04D8F0D41,1987-08-28,194,121
2O493rX5XVQ@email.com,F,D014920317B7E533,1972-02-03,183,121
hzgtWBJ@accountant.com,M,C67BD77778FCFF86,1994-11-09,196,101
gZSsZgluNiz0YR6@dr.com,F,DFF2F2E7488BA628,1966-02-13,171,83
rbwHMJVTZDlE2@email.com,F,4EDE98A7FC28DA0A,1979-12-15,175,65
45v5FyyRQPiP@accountant.com,F,D871EAA5E1A41208,1989-02-18,167,62
nLb9eAeR@usa.com,M,3C858C2FA618AD2E,1985-05-01,179,102
gH8ILLt7nohnA@post.com,M,424FE0FDCC7CF9F6,1984-12-23,173,94
Kn9yZCHxXBOyLvhp@email.com,F,A55C5E2A69CC3F9F,1960-06-27,182,102
6LL82759Rj5hZX@musician.org,M,B07C2A77D769E7D3,1979-06-17,183,59
u3jWtoMRFr@email.com,F,F67F24D7994FDA43,1985-01-04,196,103
bhjSqXbb4@email.com,F,1A1C34BCFAA167E3,1985-08-09,165,99
L7nR5ClpnZD@writeme.com,M,6C7DD7A1F2DA5640,1973-03-01,181,102
UmVfD0Gily6kY@europe.com,F,BCF757375AF92DA6,1977-02-07,163,55
sdjgD66AyLTPVt@contractor.net,M,79E1903D8251A57C,1968-11-08,177,72
3rgKMUPfqVj9c6H@linuxmail.org,M,DD810B2951C8C841,1990-07-29,174,85
pirZp34877JkXpjV@workmail.com,M,617D1A825ED7D34D,1969-02-02,219,148
zwXpjTp5I8@dr.com,M,EA533F087D78B79E,1999-01-26,163,69
EqyYTmBZqfNeCx@post.com,F,619970988029AAD9,1961-11-05,197,94
gsB2CM5D@workmail.com,F,C1BE7F6574F9F3A5,1963-06-04,186,107
wUDquCqB5jHfvca@linuxmail.org,M,71C5D4A5CDCAD95A,1983-01-14,165,65
qnlTXjH@europe.com,M,91627C19CD8EE366,1981-01-26,188,88
5a32L2qiYY0is5b@contractor.net,F,AB93A0F4BBCEAA61,1990-03-20,128,42
xAdUi8hBDc@consultant.com,F,22787AF6DE094549,1997-02-08,128,30
2zA17A9d@linuxmail.org,M,88202DA42A590609,1992-08-16,162,78
s1DSu6YwLxD5@linuxmail.org,F,0F88FF58FABDEEFF,1970-03-27,191,70
7yFsgbUv9zgsIA@asia.com,M,BD78840BCC2A51C5,1988-12-21,187,78
vRAxh26Hog@myself.com,F,59F7B926DFFC36BF,1967-03-13,188,123
sLsEtckno9v0tc4M@consultant.com,M,902EEE91D4EAE2F0,1991-04-08,197,72
jIJ4r21cn97tCQN@linuxmail.org,M,6DF91531D3B14F68,1998-08-20,177,76
YfXrKejhE@myself.com,F,7F8503F70499FFBC,1986-04-19,177,99
i1xgR0bYhHxF0@mail.com,M,65E45DDE3FE6F32D,1960-02-13,193,112
fCV1xYm6YSc@dr.com,O,A6FBD2BD0A253F9F,1991-09-01,192,73
TeWkFzGkRu@accountant.com,M,B451409CE4883365,1975-06-21,158,50
GiMQuNGo@financier.com,F,78976D9D9898FC67,1962-09-23,174,113
97gJn7z2gq6@dr.com,F,0A6C6EB4942B41A5,1983-05-11,183,20
i0qe4BytZDS@techie.com,F,046C06E4D6DCFEBB,1978-02-08,180,52
2FzBkFTJqS@engineer.com,F,C059675877E6A11E,1983-12-27,193,109
mxvIDq6@europe.com,M,1120740FB717268D,1971-11-21,154,78
Vlhs2CtpSBgyv@financier.com,F,E8F71551C63CD4D1,1976-05-26,122,40
LAdpD6S5dh@mail.com,F,433F70F0EA23CC92,1985-10-02,178,120
byg2UqZ8DJ4@techie.com,M,14AD926D3B20F1FD,1964-12-23,176,80
F7mzcsHwC6jkll@mail.com,M,C91D29B51F3E45DB,1974-02-05,174,55
GDdVjW3@cheerful.com,F,C5329BC968D44AB6,1964-05-24,206,62
4sOmTfh7w@techie.com,F,A595062E22672BBF,1983-08-09,187,115
bd5a319RZz@linuxmail.org,M,6DB4F37E68C94F93,1973-11-08,138,33
HdaVu22p@engineer.com,M,E1266E9405B00CA6,1966-09-23,172,75
T79ciHXDdi@europe.com,M,EBF2A869F7910226,1987-07-18,193,97
TVYKvQTZJ@accountant.com,M,8FB03A318BBFA7D5,1967-03-26,168,100
m2jN5e2U1vOKhNy@accountant.com,F,F2A02E8430658541,1982-09-14,170,24
JXknL4iGUuW3FeP@mail.com,M,13109CF59496402B,1980-07-20,168,50
KxRt0B2KjnvTp@techie.com,F,7D5D2A53B4BD2F31,1961-03-30,175,38
HbsevTC@europe.com,F,64579DD0F7C574F7,1999-07-18,201,88
FuWZdVsG@asia.com,M,0372C66FAE761537,1990-10-31,150,58
r4u7ufqtrOGHEzo@contractor.net,F,009A6A607BF598C3,1983-09-20,184,74
vwvbQnTqjTiMa3w@cheerful.com,F,22C04B9DFBEE7FCE,1991-06-12,201,128
wutxTZT@writeme.com,M,915E7A4F887FE821,1973-06-24,177,95
Oz0YYKbStovvn@cheerful.com,M,37E66DF8D4F034E6,1994-02-04,180,110
m3TpNS3p@consultant.com,F,5AD45B4F2D19CC31,1961-05-25,170,95
k6FxA1Luj9sxvb8u@linuxmail.org,M,E9E00F6E617082DE,1978-09-15,201,117
jiz1P53YB@musician.org,M,E40F5D93EBA7507E,1977-10-04,181,84
KcolhGIrChfymW@email.com,M,FFAEB5A09618F2DA,1978-05-05,175,85
c4lsi4d4E@accountant.com,F,292629B36FE38880,1961-09-14,197,83
BuSGMtO@usa.com,M,6ADF0154A6867B95,1989-06-02,164,64
uLRNC62ORBrEbr@iname.com,F,0A8CF0CED928F615,1985-03-03,165,57
4Fb33jiR@asia.com,F,DF97D3D496F8F4DD,1992-02-24,159,61
kcq8E47G1qnA@dr.com,F,501F6672447E726E,1986-02-10,161,61
MusyMdaJMDD@workmail.com,M,E55D116A8400581A,1978-04-07,175,96
pw40r94h5aw@europe.com,M,00F13302C544FAF6,1960-05-21,181,68
65udvwVd@techie.com,M,C6DE1F0E643805F4,1961-12-26,140,66
wmxSd0LL6zz4@email.com,M,6F0E5AD94F8163A3,1994-12-02,188,49
12Nftv75@techie.com,M,BAA40CFC25738F9D,1965-07-12,208,152
yI1x6kaolguY@post.com,M,0E2E8497231B6590,1983-11-24,172,82
g6SCGI3@asia.com,F,CB5AB544C20C0906,1983-01-01,203,94
rqhMFl4GGruAlsEw@techie.com,M,AE2E13ECA73C15A7,1983-04-30,163,93
Y1ZvbSEcXYXF@consultant.com,F,7EE1C09709513CBE,1987-06-03,201,100
WgqLBBpGVr@writeme.com,M,0565D66F53C6C89D,1999-05-15,183,56
rT0oFvZzkB6zF@consultant.com,F,240FBDB6A70989FD,1976-12-12,163,78
uzkCC63uLj@accountant.com,M,37C2AD25E2B6987F,1963-09-05,182,78
2Hfz6wnwa@consultant.com,M,4E504808FA87684D,1982-08-18,195,94
LIoFTvgmsOVWG@cheerful.com,M,060134DD3474A742,1965-12-30,200,106
P0J93tF8IX@cheerful.com,F,023B962336BF779D,1990-01-05,193,119
E90ioAkGeKN1vw41@europe.com,M,2ACBA6ADAFBFBB0A,1968-10-07,131,53
Da6UrUVngx9xWUp@mail.com,M,12891F1B81CF8DA9,1961-11-04,171,58
sFCl9djRB04uIO@musician.org,F,13E03989FDB52A14,1964-04-23,174,74
kiv3uRLRkj@engineer.com,M,62910CAC0D14AA84,1963-12-06,164,80
MzIDlbcFN4xre@iname.com,M,8E603A893F9B0D14,1969-08-18,188,70
yMNqi0J@myself.com,M,9A1EBA78125321CE,1962-10-18,192,102
coFhnLYoc@iname.com,M,7640E7AE4E03D7A5,1991-08-06,197,100
yciHH8J@writeme.com,M,AC887A3BF95B3311,1969-12-06,155,68
IWoMOkCQyyeacKcS@contractor.net,F,1B9168C15D314EC1,1991-05-01,206,130
azqssSyHxa9@asia.com,F,A11F7C3C3836682B,1974-01-09,167,69
xS1WToRqlRL@iname.com,F,8506D973F8833364,1991-09-19,175,81
v7x3TGVVh543uGb2@financier.com,F,CC20A17E718279E2,1974-03-02,197,94
UwmWU3HC1nkJ@asia.com,M,A609F0315729F96E,1979-01-15,195,106
dpVjOStz@post.com,F,02328160AE12AF01,1985-03-05,172,111
MrEJYet7@dr.com,F,07CA7F03D114E0B0,1985-09-15,167,75
64xu2pASfBnxH@consultant.com,M,B3AF652A245269B4,1976-01-16,184,91
NPBHATlHjMt5a@contractor.net,F,CBEF016DC354CD96,1971-04-08,168,67
TOefXyE4xclszqA@europe.com,M,53B248FEA2207B1D,1970-02-20,176,85
LYrlwbto6Frzi1Fj@accountant.com,F,AE41578D3F917AAE,1999-07-24,178,31
DtrCsRfVhF@cheerful.com,M,34149A572F2865DB,1982-02-08,162,87
fPcReKHrZe1aKuD1@consultant.com,M,E1769320A751BF5D,1965-11-20,163,99
Jw6RORa@engineer.com,O,B9B04EA2F0B49766,1966-08-14,179,88
8GnEbKO@consultant.com,M,9AD4BDE8832741F4,1967-01-30,176,100
c84zsanUkt@cheerful.com,M,B83F7D1E6AB8D201,1967-08-13,187,64
DFmbg9ZlU@accountant.com,M,2B258340BD5DC9C5,1970-10-06,190,34
BGC5p8uDP@asia.com,F,CAC575BD803ABF10,1964-01-27,157,61
mWRp68LNEJ8@musician.org,M,D8A93B29E076C81C,1992-06-03,154,79
4ER7sv0b7@techie.com,F,B940520825060F95,1999-01-02,169,96
AcOABEwhAMj1S@asia.com,M,5857C41385B31BB6,1980-05-02,173,67
iqWHPYkOV34qvHO@europe.com,M,415E16C1E79E2B1D,1962-10-31,175,54
YuvmjSGtvgo@accountant.com,F,CCB3B7F0F4D3BEA7,1981-12-07,167,78
VRXqakRfp42@engineer.com,M,125A547C6DBFCE75,1989-09-12,172,78
Fzxj5icOxYnQz@financier.com,M,16D58F7D8416CABC,1977-05-14,181,89
MSxXIlRRgeF0J@post.com,F,44007AF13FFCF813,1979-08-09,184,56
U5D2yKt@iname.com,M,B816221B2361D818,1996-02-06,175,59
mT3bVp7@iname.com,M,407E71613060CF58,1966-02-28,174,61
nqXQvLDz@mail.com,M,B313A8014696EF63,1977-04-06,169,123
PyyfdBv0@mail.com,M,1012FF5CED75C181,1994-04-09,182,117
cLZJPTHr@europe.com,M,56E211DB7BF3B5EB,1986-01-15,177,77
bHDmExJ1w9vN@musician.org,M,6F0A30DEB0EE83F1,1992-10-20,176,104
vcuuyipSV7Cnqzs@linuxmail.org,O,9CF27B2FB14F1E12,1966-07-11,167,91
EoaRMeXCRcdH@asia.com,M,1EE313E0B939964C,1980-07-28,159,41
gMqdzOyzZjsAaf@contractor.net,F,E8E2B38D68BD4C93,1992-05-24,172,54
OAIxQWB@email.com,M,4FFBBA1B3D0190DB,1999-10-25,167,31
lUxOwmoOWkPluG4@linuxmail.org,M,417CDA53BBF96FD4,1974-06-26,191,135
RN6jaGkYv@myself.com,F,011F9DB46C8C2AA1,1979-07-01,179,36
ulHOvIEZPxK@iname.com,M,BC5D6391A47CFC7E,1961-01-31,147,42
YGW8QLDZwRN1OXVL@consultant.com,F,DB75FA6FD6AEA216,1965-12-11,166,38
2wYCBGVHD27@post.com,F,9DC3783D65FE60BE,1966-09-23,173,63
xZW5zCjPJCXH@myself.com,F,3D1A77D75CF4F1BF,1985-09-25,217,101
UrUvblz5Lf@accountant.com,F,1FE7872B20A26D7C,1971-07-09,163,56
My85Q84AXUwpY8@workmail.com,M,9BCF5EA6B691CD78,1977-04-28,163,36
YWpV7RzAZyxqN@workmail.com,M,736D93621F98EDFA,1992-05-08,149,19
grEtjNJfobQ@accountant.com,F,51DFEF34AA60FA61,1961-08-11,162,76
peppHZiQqIbPz@engineer.com,F,6001B031CECA6758,1969-02-10,172,68
5ia5g68@dr.com,F,8D021BD928041FD7,1970-02-01,154,57
vCTkg9bZpbj09X@contractor.net,F,4E3079682416B52E,1980-02-15,175,58
8xfmwm7m3tI@accountant.com,M,2A2D60F8B4BBAB18,1975-02-22,169,54
Tq1TwxrQ3P@mail.com,F,8133F694E684DCEE,1997-07-25,177,87
w4a1ktTzkG@techie.com,F,8D8618CDDB82B0E4,1992-11-22,172,42
9wrB4EnJFauD@europe.com,M,A0702A39B21DAA51,1999-12-29,162,59
n0xiInJ@linuxmail.org,M,F79CDEB255ACB702,1994-07-23,179,111
mpEUxplD0lWr@iname.com,F,4689EF971F68F3B1,1997-05-02,178,93
Q5Kjq4M@contractor.net,F,4272D1B9C312CF37,1968-07-06,182,93
a5hjVItdHmT7e@cheerful.com,F,74EEF65206945CF2,1980-02-25,173,69
z7l6SwiuMEys@accountant.com,M,83FF59C61601FA48,1990-04-04,160,80
uhmWmGAVxzaJ@writeme.com,M,B290C7B33FE938D2,1964-08-25,167,84
5BhNE1EUXYWHIx9@writeme.com,F,4DF88EF6E224709C,1992-01-28,169,86
Hm0OvmFxmGqDC@engineer.com,M,1C285CD1343CA9C8,1975-07-27,152,62
Uw4FA9RAM1bU@techie.com,M,2BB87D0FE3E3354C,1981-05-15,172,99
g0tpPhIs3kSF@asia.com,F,05DDAC0D83D6E638,1965-10-17,170,27
EF6z3uIGSafPX@email.com,F,155CEE4E16B85EDE,1971-03-22,169,105
I25zWYmM9MIUIqP@linuxmail.org,F,1F6244AE10E955AB,1992-03-19,175,65
pJqjq65BCwmfEv7@writeme.com,F,433CA14F165D5422,1961-12-03,200,82
b92vc9sC@cheerful.com,F,9604A657481C56A5,1966-02-26,171,80
JEwtvCzzjoyXrK@techie.com,F,0DDAB49FA832826F,1989-09-09,171,34
6nCz4zppI4@email.com,F,7BF758EF38FFA196,1961-01-24,161,41
nBbChLC8iIC@post.com,F,AB981B1D7198AFFE,1993-05-05,167,95
HEPY5YQsE@musician.org,M,BA77A55557168A80,1994-09-12,212,112
uP3FL4SNDy@email.com,F,4095AF6C8A9D861F,1980-08-30,194,81
xaliCtHOm7vndh@writeme.com,M,0258DDADD11899FA,1994-02-27,163,72
2Iv1cZBm4OaUat8Q@cheerful.com,M,8E13ED73A330C341,1978-03-06,191,92
kQvI9J4p6wehR1@accountant.com,F,51EEA801C57852AC,1975-06-03,191,100
khrMm0RGaExr@linuxmail.org,F,C0D0BAB0754FD142,1975-04-29,179,74
t4wUO69W0@techie.com,M,E488750AFF383FB1,1997-09-17,164,97
qpOvsLWlhfdCM@financier.com,F,7CBEC2667CDB1A91,1979-01-16,187,96
35pprOHY@techie.com,F,AE2683F1AD378E62,1964-06-27,190,120
mopsQc0d4k9F97@mail.com,M,571673824B6900B0,1975-01-03,164,90
UyO1h6sq@writeme.com,F,C8B3ACB70B76983A,1994-04-24,163,83
SjaKS68ALMZ@financier.com,F,82226DFCE708E7B1,1966-05-12,187,68
dwEXrA07l@consultant.com,M,B1E09681525250F9,1997-05-25,200,122
rPCmzAGEpq6OTL6k@consultant.com,F,F9179253E1A7200E,1985-07-20,151,74
vdwzIRVhGX3@consultant.com,M,414424336EFE07D1,1975-01-31,163,48
dMxcnem7dHTXPu4@mail.com,M,2B43F6426C95FCF7,1962-05-06,173,82
gUhbSSSXLG@dr.com,M,65C80291AFD08D6A,1983-03-18,174,69
V61BBNv0@accountant.com,F,C5C1C60B9BE6BD67,1987-08-13,167,56
az8XO7aQ3DaJt@myself.com,M,2EB81A09B21CB84B,1966-05-10,178,62
t0fLKZ8MGCPxm@consultant.com,F,A07FE346B1923F8B,1962-06-01,162,81
CiTHgQ1fgpPuQ@techie.com,F,DA6724E31BF918F6,1977-08-17,176,93
M9j65TysQUcScge4@workmail.com,F,BB5FB330D98AC620,1976-05-18,175,69
UgamryuaudV@financier.com,M,CEFEA71808654216,1996-06-23,163,79
1CMoBRuV@accountant.com,F,41724F922C2E785B,1964-01-24,181,39
Dbp0wHGFCkDbzJ@iname.com,M,46D510FFBD2FF457,1991-03-18,202,108
ekIp85L5@writeme.com,F,02B94639BC394184,1991-02-04,179,80
C9uDxBBu1@engineer.com,F,BCF1B79577BE3890,1967-04-03,168,77
6zVtFuY@techie.com,F,8C2EA342BAE309DB,1972-02-16,187,57
uceTrNQfpxSc@myself.com,M,EF3683C06612B7C2,1972-05-30,175,66
4Kn2PpdlaabaGz@europe.com,F,CC37FA9EF87523D7,1966-06-27,201,57
Frt7I1G2soo4@email.com,M,E5D230B3CAE70147,1980-09-06,164,61
5sS15ZTt@engineer.com,M,1EDA50271699C376,1974-11-22,174,70
vjzjReAgJMxq@workmail.com,M,D3776E8A3ED12CBF,1997-04-07,184,38
KvHsqFcleVUdfGF7@engineer.com,F,3F4FDD8CCBC67E2C,1992-04-13,180,77
vnsxcKtEsAS@musician.org,F,F325374AC1D1D206,1975-12-16,185,100
SFMkYB0BeYFEH@techie.com,M,3A3FF5C1DCA5B5B1,1962-04-17,150,61
yXFS969fQ5JF@workmail.com,M,10729A1A11C77695,1962-08-19,196,89
TIgdpGi0kUJa3N@cheerful.com,M,EA99318953963486,1999-10-23,175,83
M7nmeWM8TFPUEX@accountant.com,F,9BB30781CC7A4FBF,1988-08-03,217,85
OwEnrMKng@musician.org,F,845480CA03ED561E,1990-03-05,185,77
Rx3lyq2ui9t2CMU3@consultant.com,M,1D952DBC05F5602D,1986-02-10,184,122
fghk01284aH9w@usa.com,M,A2582B5EA3C192B5,1966-07-17,191,64
jPuB3GcrVoTgHsiA@musician.org,F,67EAFB1E73859E6B,1996-03-18,174,44
G3b01E4sG3hImzN@writeme.com,M,ED5A5832D49A48CD,1987-10-18,168,60
TnsL77eiw49aJfVz@consultant.com,F,86610EE1F82FD774,1967-10-29,179,72
dhAz0zTtCkrRX8@techie.com,M,F8B1719DCD60B6E3,1960-03-03,167,56
xIw1Dd4io06@asia.com,F,EEADBBAF4E2C6D44,1961-03-26,177,86
udI6d4Qccznm1@email.com,F,6EAFB0A442640664,1978-08-04,174,86
4iK2lB8ZJCcN@contractor.net,M,A34FF0902460713E,1995-12-15,161,82
d1s1GN43Rye@linuxmail.org,F,175B2CEB47EADAB3,1987-01-01,202,60
zfEcRG0s91V0@myself.com,M,D128A67F407A6D68,1964-04-09,158,80
xLK2wsf9p@consultant.com,M,1B090996F097C3DB,1987-08-01,178,49
0bp0uoo@accountant.com,F,022091F99F970C38,1990-10-28,167,28
biGXDuX0@asia.com,M,A7A13CDCA3A46D8F,1983-02-01,155,66
oqgdy8IBM@linuxmail.org,F,F205E48F9C459216,1984-02-15,177,59
n6ccgq0eHeFi6u@musician.org,F,40105B502D8ADD92,1997-11-02,171,37
n6p0dgT@post.com,F,6D5878CDA28F990B,1974-06-09,177,131
yZO47Hg3knFK2dt@financier.com,M,896F39BAB3339877,1981-10-30,175,79
F0VKUVqr@email.com,F,64651C2E21694235,1972-02-13,183,102
96vMWYOk@financier.com,F,38490A3A2AAB3509,1993-05-02,177,90
psWLWGC9beCqwoM@dr.com,M,4B07BCAF9CF17B1B,1970-01-23,180,45
KaAFOUa5@workmail.com,M,B353B8F761229264,1986-02-01,187,141
dcnguPZgCbE7hvdW@email.com,F,FA23C71F893537B4,1990-01-17,206,64
PZQMcPG5Q4@europe.com,M,31828D0CCCE4886C,1972-06-29,172,72
4uZAfnOL@financier.com,M,CB1197A3803742F1,1992-03-08,145,60
Msj7DChrPHhgbh@usa.com,F,35B7A893FF69E36D,1978-02-20,174,96
p2UPM2NZzyQIbUO@engineer.com,M,63212ADF48A2D833,1965-12-13,187,91
VNyyLigtU9u@usa.com,F,B862EC08318317FB,1961-06-23,162,54
LbLThYm@email.com,F,9040EE6CA420712B,1972-10-21,162,89
jfFkMPGjlHQ@accountant.com,F,2F810512C5B5A4B3,1980-12-21,190,48
RfZXONsk7U@myself.com,F,20CEAE5BF5BC9C9C,1974-06-16,179,98
cehl67oE@usa.com,M,0721D8D2B04EAFA8,1968-04-02,190,124
ba5FUWcj@mail.com,F,01A9C1532128256D,1968-09-24,180,98
X7xufCKW7Z@email.com,M,902BFD8E9D6D22AA,1973-07-22,189,131
eF7zTdRf2CU8Pzp@email.com,F,42B19FAEDBE0FBFE,1961-04-13,172,98
U8OIHky@accountant.com,F,E5E4AEE443F35FDE,1998-07-26,175,90
GSQ5VVaQxY@musician.org,M,A3A30CA8F9116A13,1972-12-30,169,102
zHPT2AzJY5b5m@cheerful.com,M,0ED9B3F098ECE469,1976-03-28,172,64
t4DE1DnHYDTQzHh@accountant.com,F,C471C3F85D6B21BF,1996-09-20,163,56
JgUsrNncyRXvXKdA@musician.org,M,EACECF3710471798,1985-05-28,188,95
Pv3WOpM1NOMKT@asia.com,M,716B5E9957CF7EE0,1980-05-04,163,78
f67QtNBD@mail.com,F,BD0A950F757A62AB,1983-02-08,192,103
6YwBV6ks@post.com,F,4A9494B172632569,1961-06-13,168,57
9QdBSysrP@post.com,M,2A4D9FC1B90BBA7D,1980-03-12,170,75
6zWTLzyqws9@post.com,F,3F1548FCF6118238,1991-07-13,196,78
lYquB59dWI@musician.org,O,F9AE005E7DBA5048,1960-06-06,180,114
zGB51LaP@asia.com,M,5696C372853A7046,1974-03-25,184,146
dp2TMH456x4Eyl@linuxmail.org,M,505369835D5C4476,1965-08-06,191,63
OQdH6UQ876Ux0@contractor.net,F,7BEBD98E7366F750,1977-03-11,211,120
8EcVEfBfNdLbbb@linuxmail.org,F,AD58767A9B96E31A,1981-08-14,191,137
dLr3baCIOex8@workmail.com,M,BC3E7574E10C6C18,1963-04-29,171,81
MXBomrxTG7y@contractor.net,M,EA032BF522FA4E7C,1967-10-29,171,44
jD8NFD6G3S@financier.com,M,C943D963779B1E00,1975-10-16,158,35
5ZjFLusT@musician.org,M,916EEDFE09C8F3E5,1980-09-27,205,110
1C6Lq4bp@contractor.net,M,FE4B4DDD5326747E,1962-04-28,187,95
5ImTcECT5@linuxmail.org,M,C24BFB2F6F0B640A,1993-02-10,170,98
v3cXv5kaFODJz4@mail.com,F,BE8BB9B9D683A412,1976-02-15,166,69
vqLWmwdNxC@consultant.com,F,983EC23F60279257,1982-10-06,158,63
Hyv5JoKck79@financier.com,M,97EFD10709A147C6,1983-12-16,143,38
bwbegigXFfuBzKoh@accountant.com,M,7EE3A72400F3B02B,1996-11-01,155,53
s24wrksErdpvs@writeme.com,M,A64D8366EC8176A6,1963-08-28,191,98
NJiumQM3GKI@myself.com,M,A6C89F4C280E5E03,1988-02-04,186,55
Tk2Zar3igS@engineer.com,F,CE22C43E6B822F48,1961-04-03,174,97
R9WNYnqO5q@cheerful.com,F,363D101CA6AFD216,1969-12-25,176,62
5FnQo3cA1gbl8@contractor.net,M,F363ABE186780401,1974-03-19,165,62
qVgm1RF@writeme.com,F,AF7A056205258FFD,1972-08-27,174,102
GACeNsfMm3@post.com,M,73DF028AA34884F7,1979-02-19,149,76
YeX4PFrUzYJ5dJ7@linuxmail.org,M,D7A073FA0ED3EBA6,1983-10-23,164,76
Gc1CfIOacq@asia.com,M,F6D762AD196BB79C,1970-04-14,171,99
2wlElTHl@cheerful.com,F,5BCC32F407138DA8,1993-06-23,190,97
wvReRvrTUwK@contractor.net,F,274BBCAFA886D5B0,1966-02-17,168,97
iUMEk2dXY9K0u@asia.com,M,A6ADB42257A6AE6E,1972-01-25,194,67
nTfxxOrS@financier.com,F,042A4E3C4AC4B889,1969-07-06,163,95
nNQZ3B0u5fdKse@consultant.com,F,355FBD153C8E362F,1989-03-29,161,48
zdjH0R2Pus9vm@financier.com,F,AD5BDF2D65510FA3,1963-06-15,179,77
sG5DumD5@europe.com,F,1C955B5F0EA1E879,1969-02-02,162,58
0IAjYIQ@engineer.com,F,3D5F53AD16AED209,1996-07-08,182,59
kp4RHfTDCA@workmail.com,M,DADC39A375C43266,1970-09-16,177,59
zU37AB6PDdiQa2We@musician.org,M,62A5290365C443F0,1975-12-05,152,61
rxoOaCD1z9Xw@europe.com,F,C7405390169B4DF9,1972-09-02,168,67
0JiQ8XjNBN1s@financier.com,M,FCE1773742593692,1988-12-02,168,57
3d14XR8KwsaHGhF@accountant.com,M,3B6FB693C5331985,1989-03-30,183,124
bKt596j4g1J6@email.com,M,0E67D41AE036E072,1995-10-29,179,66
5wDjJKCFD4@engineer.com,F,325C5A521E5CBAEE,1992-04-26,175,80
MOB05Uc6tOmRlax8@post.com,M,9FB21BB107930250,1985-06-10,177,117
BW6LI6gr9c6@cheerful.com,F,C7D4C75D350AB7A0,1967-03-20,190,85
4l4jOqyBF3ls@techie.com,M,81D49656FEEAB5D1,1966-03-02,183,92
XgCLxP9xlk0Fr@usa.com,M,C15181A445DEB32F,1977-12-21,220,137
Ghad5JSRBfgzoRRm@writeme.com,F,0A3F2DA72B81B429,1998-04-03,182,99
msUrFPOB@contractor.net,M,B11B69AAAF8E857D,1991-05-12,174,51
U9FPVW4ZEYNcc@engineer.com,M,EF0B5DA7AAB4C161,1998-01-19,158,75
EzbF4NJDmoFt9kzV@myself.com,M,79CDA1EC561A9ED2,1985-01-23,142,53
zOLqB8jipagG00X@dr.com,M,3BEC9E6C231BCB9D,1991-11-08,190,82
aRGWiKWytHqYYm@email.com,F,D44B86F26B64CFDE,1962-06-12,164,55
0oSPAyuv4aM1AK@contractor.net,M,24EFC1893DB42BEB,1964-02-04,181,83
lC5RBcqXe@financier.com,M,0BEDAF9A4085F2AE,1983-05-23,187,54
xL55ghpSgkCub@myself.com,M,A3A73E4BDDD8FA8A,1972-04-29,172,83
XCnNOqFmyYQx@accountant.com,M,6104D08CC2C9C9F5,1999-05-24,180,78
go1AtDegRy@musician.org,F,C57A59721C14A627,1984-04-01,166,78
recMPRmNO@accountant.com,F,BE0BA8520C4E8BE2,1989-07-26,168,34
i6rnqVAM3XN2uY@engineer.com,M,AF0054E3616A66BF,1974-06-10,208,120
UiXxXbKCIlFoa22@europe.com,M,C205AA116B076D7C,1968-05-03,165,66
VtYgVISfp0gJYrp@accountant.com,M,BC084400F5C5FE82,1966-08-29,169,59
LAw08E7ytsh@post.com,M,F811D98426E16BA2,1987-09-09,148,56
jmzerd0OkbcH4@dr.com,F,0A8143245DA90190,1964-03-14,191,115
V4eerjTdw@iname.com,O,FD3D361A56F3D343,1974-12-18,158,44
acnE3HDOcXZAFD@email.com,F,180B6D5FA5976E3A,1971-07-23,157,63
kHYYgE9TNiayqJk@dr.com,M,F0B4DE0E3ACD7964,1965-06-28,171,92
SDw8ev51P6YF@iname.com,F,B40BFFF6747CD410,1981-07-16,181,77
JmOFRHv90@musician.org,F,8D89C226DE39E163,1974-07-14,176,78
SXhr3ZhN6rstrYQ@writeme.com,M,830719BD1E8E3A6C,1967-12-15,185,122
673NkbxuRzPzHuN@usa.com,M,9AE50C096952D76B,1967-11-18,211,150
iZU7FuXEtKBiBB@asia.com,M,1A265111A67F16A0,1980-01-20,152,50
Y8jX7G691f5@usa.com,F,5D7C3231E62DDB11,1994-12-24,177,101
LGAx7raswq@workmail.com,M,2F05B846EBE994B5,1988-01-20,171,46
NAN6vkTkbNOVRnyo@financier.com,F,2EFF56E248BE6EAF,1971-06-04,165,87
XC2qNWZ1mVD@accountant.com,F,65C244E0AAA66E41,1998-04-19,211,132
JsJX4FNc@linuxmail.org,F,2BEB056630DA56FB,1998-12-09,163,91
BkKCytA4La4HbO@accountant.com,F,B421EF608B177796,1985-07-12,176,83
PAK442TQwB757@myself.com,F,DFA817CCAF0AE176,1983-04-03,199,76
VeDYf461@myself.com,F,D5EB2723FD036674,1989-08-14,152,73
9EFUhDEbHypRKC@engineer.com,F,F3D870FD26D67B0E,1986-04-07,180,118
gBCsdJlL@techie.com,F,2F0AEC1FD0377057,1984-12-01,158,71
voH4cPNRP@workmail.com,M,F138790E1774A8E4,1975-07-01,176,62
eN8ZxLzFbyjgISy@post.com,M,6C4D1D9497FB4D63,1991-02-23,173,84
koIWEn2f4yY0@post.com,M,194DC167FC6667E7,1984-07-25,168,61
YeDb6qd0C0pQKI@financier.com,M,C00EA15BF64AEB99,1974-01-16,148,61
9mFmipPxKpMFQ@workmail.com,M,E10007C5DB69ABFA,1997-01-19,159,111
GNdYRdjp@linuxmail.org,F,816D8F88E54A4360,1979-06-16,188,80
PJ7M98UiKoyoDZQ@post.com,F,6BFA3318278ED0FF,1965-06-18,188,49
xbFRgnzu35cuGE@cheerful.com,M,292411262B574D42,1998-04-16,179,46
IgvB1XPTmMH8@linuxmail.org,F,A6CBA43822514A7E,1975-09-27,197,131
L8x1ancd1d@contractor.net,F,DCF9A38BED7A2CD6,1964-07-03,175,93
dDmuS6iWXR8@usa.com,F,336DEDF670D61730,1964-01-11,169,43
FWv1YJr@accountant.com,M,992CB8CFD4B17F3A,1981-01-05,175,55
6Hw59TK8gR62A@accountant.com,F,56DC16CE0C152CB5,1988-02-14,169,69
332e1Umg@email.com,F,A0F958DF98C44876,1971-05-09,182,78
S3yLN2dF@asia.com,M,1B2C99521C3643B8,1987-06-11,184,16
EVocE98HxO36@cheerful.com,F,D971E8C621F2CEBC,1992-02-24,183,99
rwxK5d1o@linuxmail.org,M,1CAE14722630A242,1989-09-19,182,79
LhXgaQrCU7hui9@cheerful.com,F,CDEA6F21AC9A91B4,1975-12-22,192,114
8on0hsF21@contractor.net,M,01F01CD1226A205C,1967-06-10,166,38
NlGVJ9fI@musician.org,M,4EBCEE1CA1785D1B,1989-06-19,185,113
NzQmcHq6EFf5K3Sn@musician.org,M,D2BC11E309EA7C26,1975-01-05,181,64
r3GYwM9Y2zIExYY@mail.com,F,1575A57BB5DDD273,1994-05-04,139,72
8RwFr8g38@engineer.com,M,465CCCD18DB8AA45,1965-02-17,177,58
FoplTImA4@cheerful.com,F,CB0598C7A11F3813,1961-06-29,170,113
Zsw6KzTuDZWa4sv@dr.com,F,96D79F3F4A01456B,1997-06-09,189,113
hBBskQ4FB@myself.com,F,9F0423BE2A26B965,1972-04-02,159,53
3UQ1LYqXbJoSZ@europe.com,F,84CF5E026E292C29,1980-10-10,180,89
6SSDxxINB@workmail.com,F,181EB99014903F94,1967-04-20,184,71
ma0DyXUMjm@post.com,F,15DBF9081783BFB2,1980-07-29,187,53
XyQf1dB1glim1iIM@myself.com,F,37C220726EB54AF8,1971-12-17,166,69
PFdOKvgNKpkN9P9L@myself.com,M,6ED24EAFC2913879,1998-06-18,153,55
EBrGYFvSB1b@cheerful.com,F,815EF3CB710B4791,1960-01-23,159,53
